trade_date,Position_Changing,Factor
2014-01-02,0,
2014-01-03,0,
2014-01-06,0,
2014-01-07,0,
2014-01-08,0,
2014-01-09,0,
2014-01-10,0,
2014-01-13,0,
2014-01-14,0,
2014-01-15,0,
2014-01-16,0,
2014-01-17,0,
2014-01-20,0,
2014-01-21,0,
2014-01-22,0,
2014-01-23,0,
2014-01-24,0,
2014-01-27,0,
2014-01-28,0,
2014-01-29,0,
2014-01-30,0,
2014-02-07,0,
2014-02-10,0,
2014-02-11,0,
2014-02-12,0,
2014-02-13,0,
2014-02-14,0,
2014-02-17,0,
2014-02-18,0,
2014-02-19,0,
2014-02-20,0,
2014-02-21,0,
2014-02-24,0,
2014-02-25,0,
2014-02-26,0,
2014-02-27,0,
2014-02-28,0,
2014-03-03,0,
2014-03-04,0,
2014-03-05,0,
2014-03-06,0,
2014-03-07,0,
2014-03-10,1,-10.83160209220096
2014-03-11,0,
2014-03-12,0,
2014-03-13,0,
2014-03-14,0,
2014-03-17,1,-21.61003671473694
2014-03-18,0,
2014-03-19,0,
2014-03-20,0,
2014-03-21,0,
2014-03-24,1,-11.38767073220112
2014-03-25,0,
2014-03-26,0,
2014-03-27,0,
2014-03-28,0,
2014-03-31,1,-24.93902208045577
2014-04-01,0,
2014-04-02,0,
2014-04-03,0,
2014-04-04,0,
2014-04-08,1,-55.97180758376221
2014-04-09,0,
2014-04-10,0,
2014-04-11,0,
2014-04-14,1,-65.45529290522714
2014-04-15,0,
2014-04-16,0,
2014-04-17,0,
2014-04-18,0,
2014-04-21,1,-107.9905312204317
2014-04-22,0,
2014-04-23,0,
2014-04-24,0,
2014-04-25,0,
2014-04-28,1,-107.3566269694173
2014-04-29,0,
2014-04-30,0,
2014-05-05,1,-77.45670291095692
2014-05-06,0,
2014-05-07,0,
2014-05-08,0,
2014-05-09,0,
2014-05-12,1,-28.490166352660772
2014-05-13,0,
2014-05-14,0,
2014-05-15,0,
2014-05-16,0,
2014-05-19,1,-25.236275280675653
2014-05-20,0,
2014-05-21,0,
2014-05-22,0,
2014-05-23,0,
2014-05-26,1,73.19207590495304
2014-05-27,0,
2014-05-28,0,
2014-05-29,0,
2014-05-30,0,
2014-06-03,1,54.574621776575775
2014-06-04,0,
2014-06-05,0,
2014-06-06,0,
2014-06-09,1,-3.849765103218214
2014-06-10,0,
2014-06-11,0,
2014-06-12,0,
2014-06-13,0,
2014-06-16,1,-57.05631796394063
2014-06-17,0,
2014-06-18,0,
2014-06-19,0,
2014-06-20,0,
2014-06-23,1,-44.87167389408374
2014-06-24,0,
2014-06-25,0,
2014-06-26,0,
2014-06-27,0,
2014-06-30,1,-82.5527410212177
2014-07-01,0,
2014-07-02,0,
2014-07-03,0,
2014-07-04,0,
2014-07-07,1,-71.01343344669154
2014-07-08,0,
2014-07-09,0,
2014-07-10,0,
2014-07-11,0,
2014-07-14,1,-29.530754095466236
2014-07-15,0,
2014-07-16,0,
2014-07-17,0,
2014-07-18,0,
2014-07-21,1,-60.04931141984579
2014-07-22,0,
2014-07-23,0,
2014-07-24,0,
2014-07-25,0,
2014-07-28,1,-49.951068152193436
2014-07-29,0,
2014-07-30,0,
2014-07-31,0,
2014-08-01,0,
2014-08-04,1,-80.348240226425
2014-08-05,0,
2014-08-06,0,
2014-08-07,0,
2014-08-08,0,
2014-08-11,1,-101.24672670445024
2014-08-12,0,
2014-08-13,0,
2014-08-14,0,
2014-08-15,0,
2014-08-18,1,-61.810983981554074
2014-08-19,0,
2014-08-20,0,
2014-08-21,0,
2014-08-22,0,
2014-08-25,1,1.6771971450249303
2014-08-26,0,
2014-08-27,0,
2014-08-28,0,
2014-08-29,0,
2014-09-01,1,18.53962486284921
2014-09-02,0,
2014-09-03,0,
2014-09-04,0,
2014-09-05,0,
2014-09-09,1,143.1395137154687
2014-09-10,0,
2014-09-11,0,
2014-09-12,0,
2014-09-15,1,101.18150823727589
2014-09-16,0,
2014-09-17,0,
2014-09-18,0,
2014-09-19,0,
2014-09-22,1,169.57263367338783
2014-09-23,0,
2014-09-24,0,
2014-09-25,0,
2014-09-26,0,
2014-09-29,1,149.95506848064343
2014-09-30,0,
2014-10-08,1,189.91973776303817
2014-10-09,0,
2014-10-10,0,
2014-10-13,1,301.59923808079924
2014-10-14,0,
2014-10-15,0,
2014-10-16,0,
2014-10-17,0,
2014-10-20,1,240.23205061969236
2014-10-21,0,
2014-10-22,0,
2014-10-23,0,
2014-10-24,0,
2014-10-27,1,139.9778025330091
2014-10-28,0,
2014-10-29,0,
2014-10-30,0,
2014-10-31,0,
2014-11-03,1,142.16040735391474
2014-11-04,0,
2014-11-05,0,
2014-11-06,0,
2014-11-07,0,
2014-11-10,1,90.27493798436652
2014-11-11,0,
2014-11-12,0,
2014-11-13,0,
2014-11-14,0,
2014-11-17,1,178.26860883347865
2014-11-18,0,
2014-11-19,0,
2014-11-20,0,
2014-11-21,0,
2014-11-24,1,329.3969668185506
2014-11-25,0,
2014-11-26,0,
2014-11-27,0,
2014-11-28,0,
2014-12-01,1,305.7699673219858
2014-12-02,0,
2014-12-03,0,
2014-12-04,0,
2014-12-05,0,
2014-12-08,1,765.4121314460056
2014-12-09,0,
2014-12-10,0,
2014-12-11,0,
2014-12-12,0,
2014-12-15,1,1088.2362579698745
2014-12-16,0,
2014-12-17,0,
2014-12-18,0,
2014-12-19,0,
2014-12-22,1,1234.7826176046165
2014-12-23,0,
2014-12-24,0,
2014-12-25,0,
2014-12-26,0,
2014-12-29,1,1207.0414728444766
2014-12-30,0,
2014-12-31,0,
2015-01-05,1,1140.095696989299
2015-01-06,0,
2015-01-07,0,
2015-01-08,0,
2015-01-09,0,
2015-01-12,1,1167.2862832169521
2015-01-13,0,
2015-01-14,0,
2015-01-15,0,
2015-01-16,0,
2015-01-19,1,1345.2451555851053
2015-01-20,0,
2015-01-21,0,
2015-01-22,0,
2015-01-23,0,
2015-01-26,1,830.1244332396243
2015-01-27,0,
2015-01-28,0,
2015-01-29,0,
2015-01-30,0,
2015-02-02,1,558.681376267765
2015-02-03,0,
2015-02-04,0,
2015-02-05,0,
2015-02-06,0,
2015-02-09,1,304.8591116216744
2015-02-10,0,
2015-02-11,0,
2015-02-12,0,
2015-02-13,0,
2015-02-16,1,327.5709368751892
2015-02-17,0,
2015-02-25,1,387.6878720842035
2015-02-26,0,
2015-02-27,0,
2015-03-02,1,444.4063957451288
2015-03-03,0,
2015-03-04,0,
2015-03-05,0,
2015-03-06,0,
2015-03-09,1,465.39775786301277
2015-03-10,0,
2015-03-11,0,
2015-03-12,0,
2015-03-13,0,
2015-03-16,1,592.5555653854801
2015-03-17,0,
2015-03-18,0,
2015-03-19,0,
2015-03-20,0,
2015-03-23,1,3390.24675341873
2015-03-24,0,
2015-03-25,0,
2015-03-26,0,
2015-03-27,0,
2015-03-30,1,3107.7312706326356
2015-03-31,0,
2015-04-01,0,
2015-04-02,0,
2015-04-03,0,
2015-04-07,1,4955.19531866331
2015-04-08,0,
2015-04-09,0,
2015-04-10,0,
2015-04-13,1,6609.335403292639
2015-04-14,0,
2015-04-15,0,
2015-04-16,0,
2015-04-17,0,
2015-04-20,1,8713.426179669073
2015-04-21,0,
2015-04-22,0,
2015-04-23,0,
2015-04-24,0,
2015-04-27,1,6908.411057399991
2015-04-28,0,
2015-04-29,0,
2015-04-30,0,
2015-05-04,1,8452.998014540117
2015-05-05,0,
2015-05-06,0,
2015-05-07,0,
2015-05-08,0,
2015-05-11,1,2907.7174309771053
2015-05-12,0,
2015-05-13,0,
2015-05-14,0,
2015-05-15,0,
2015-05-18,1,1989.3636024760804
2015-05-19,0,
2015-05-20,0,
2015-05-21,0,
2015-05-22,0,
2015-05-25,1,2028.9611352474542
2015-05-26,0,
2015-05-27,0,
2015-05-28,0,
2015-05-29,0,
2015-06-01,1,1944.410724218747
2015-06-02,0,
2015-06-03,0,
2015-06-04,0,
2015-06-05,0,
2015-06-08,1,2501.7539326831616
2015-06-09,0,
2015-06-10,0,
2015-06-11,0,
2015-06-12,0,
2015-06-15,1,3889.5971400619965
2015-06-16,0,
2015-06-17,0,
2015-06-18,0,
2015-06-19,0,
2015-06-23,1,1332.738747645756
2015-06-24,0,
2015-06-25,0,
2015-06-26,0,
2015-06-29,1,805.4398858637048
2015-06-30,0,
2015-07-01,0,
2015-07-02,0,
2015-07-03,0,
2015-07-06,1,345.24194096525673
2015-07-07,0,
2015-07-08,0,
2015-07-09,0,
2015-07-10,0,
2015-07-13,1,342.38262283752533
2015-07-14,0,
2015-07-15,0,
2015-07-16,0,
2015-07-17,0,
2015-07-20,1,516.6742516493794
2015-07-21,0,
2015-07-22,0,
2015-07-23,0,
2015-07-24,0,
2015-07-27,1,833.5139473198168
2015-07-28,0,
2015-07-29,0,
2015-07-30,0,
2015-07-31,0,
2015-08-03,1,595.8756265617355
2015-08-04,0,
2015-08-05,0,
2015-08-06,0,
2015-08-07,0,
2015-08-10,1,540.2706983531925
2015-08-11,0,
2015-08-12,0,
2015-08-13,0,
2015-08-14,0,
2015-08-17,1,642.699377483434
2015-08-18,0,
2015-08-19,0,
2015-08-20,0,
2015-08-21,0,
2015-08-24,1,577.0937702377125
2015-08-25,0,
2015-08-26,0,
2015-08-27,0,
2015-08-28,0,
2015-08-31,1,465.42101223402926
2015-09-01,0,
2015-09-02,0,
2015-09-07,1,132.99889154198405
2015-09-08,0,
2015-09-09,0,
2015-09-10,0,
2015-09-11,0,
2015-09-14,1,209.48837946129285
2015-09-15,0,
2015-09-16,0,
2015-09-17,0,
2015-09-18,0,
2015-09-21,1,399.8499786692412
2015-09-22,0,
2015-09-23,0,
2015-09-24,0,
2015-09-25,0,
2015-09-28,1,420.8557972052178
2015-09-29,0,
2015-09-30,0,
2015-10-08,1,821.1998129980175
2015-10-09,0,
2015-10-12,1,641.2467288043679
2015-10-13,0,
2015-10-14,0,
2015-10-15,0,
2015-10-16,0,
2015-10-19,1,999.6582747122313
2015-10-20,0,
2015-10-21,0,
2015-10-22,0,
2015-10-23,0,
2015-10-26,1,1801.3976271057759
2015-10-27,0,
2015-10-28,0,
2015-10-29,0,
2015-10-30,0,
2015-11-02,1,2505.373288825078
2015-11-03,0,
2015-11-04,0,
2015-11-05,0,
2015-11-06,0,
2015-11-09,1,4563.680694413277
2015-11-10,0,
2015-11-11,0,
2015-11-12,0,
2015-11-13,0,
2015-11-16,1,3533.7164463653803
2015-11-17,0,
2015-11-18,0,
2015-11-19,0,
2015-11-20,0,
2015-11-23,1,3554.5435384000275
2015-11-24,0,
2015-11-25,0,
2015-11-26,0,
2015-11-27,0,
2015-11-30,1,1056.8907478221784
2015-12-01,0,
2015-12-02,0,
2015-12-03,0,
2015-12-04,0,
2015-12-07,1,519.0354655175746
2015-12-08,0,
2015-12-09,0,
2015-12-10,0,
2015-12-11,0,
2015-12-14,1,57.240770246401155
2015-12-15,0,
2015-12-16,0,
2015-12-17,0,
2015-12-18,0,
2015-12-21,1,572.4370052096144
2015-12-22,0,
2015-12-23,0,
2015-12-24,0,
2015-12-25,0,
2015-12-28,1,874.1630520517467
2015-12-29,0,
2015-12-30,0,
2015-12-31,0,
2016-01-04,1,991.4011580399706
2016-01-05,0,
2016-01-06,0,
2016-01-07,0,
2016-01-08,0,
2016-01-11,1,-26.461664216302744
2016-01-12,0,
2016-01-13,0,
2016-01-14,0,
2016-01-15,0,
2016-01-18,1,413.7130679000381
2016-01-19,0,
2016-01-20,0,
2016-01-21,0,
2016-01-22,0,
2016-01-25,1,1174.8525245525295
2016-01-26,0,
2016-01-27,0,
2016-01-28,0,
2016-01-29,0,
2016-02-01,1,1157.4859792682983
2016-02-02,0,
2016-02-03,0,
2016-02-04,0,
2016-02-05,0,
2016-02-15,1,885.2142824627554
2016-02-16,0,
2016-02-17,0,
2016-02-18,0,
2016-02-19,0,
2016-02-22,1,745.3473477223454
2016-02-23,0,
2016-02-24,0,
2016-02-25,0,
2016-02-26,0,
2016-02-29,1,442.75961285941656
2016-03-01,0,
2016-03-02,0,
2016-03-03,0,
2016-03-04,0,
2016-03-07,1,734.4993596267934
2016-03-08,0,
2016-03-09,0,
2016-03-10,0,
2016-03-11,0,
2016-03-14,1,319.2936743886362
2016-03-15,0,
2016-03-16,0,
2016-03-17,0,
2016-03-18,0,
2016-03-21,1,937.7287650466633
2016-03-22,0,
2016-03-23,0,
2016-03-24,0,
2016-03-25,0,
2016-03-28,1,994.3699324032225
2016-03-29,0,
2016-03-30,0,
2016-03-31,0,
2016-04-01,0,
2016-04-05,1,1004.5314957150498
2016-04-06,0,
2016-04-07,0,
2016-04-08,0,
2016-04-11,1,1270.346801048711
2016-04-12,0,
2016-04-13,0,
2016-04-14,0,
2016-04-15,0,
2016-04-18,1,1930.898594160948
2016-04-19,0,
2016-04-20,0,
2016-04-21,0,
2016-04-22,0,
2016-04-25,1,284.24942196149186
2016-04-26,0,
2016-04-27,0,
2016-04-28,0,
2016-04-29,0,
2016-05-03,1,331.765739819577
2016-05-04,0,
2016-05-05,0,
2016-05-06,0,
2016-05-09,1,266.98703571405605
2016-05-10,0,
2016-05-11,0,
2016-05-12,0,
2016-05-13,0,
2016-05-16,1,224.59234313881612
2016-05-17,0,
2016-05-18,0,
2016-05-19,0,
2016-05-20,0,
2016-05-23,1,572.2785855718537
2016-05-24,0,
2016-05-25,0,
2016-05-26,0,
2016-05-27,0,
2016-05-30,1,540.9477677219669
2016-05-31,0,
2016-06-01,0,
2016-06-02,0,
2016-06-03,0,
2016-06-06,1,351.25937791299907
2016-06-07,0,
2016-06-08,0,
2016-06-13,1,389.1493005037373
2016-06-14,0,
2016-06-15,0,
2016-06-16,0,
2016-06-17,0,
2016-06-20,1,493.71751165552416
2016-06-21,0,
2016-06-22,0,
2016-06-23,0,
2016-06-24,0,
2016-06-27,1,376.88930510677415
2016-06-28,0,
2016-06-29,0,
2016-06-30,0,
2016-07-01,0,
2016-07-04,1,488.4905977758772
2016-07-05,0,
2016-07-06,0,
2016-07-07,0,
2016-07-08,0,
2016-07-11,1,539.8963044212817
2016-07-12,0,
2016-07-13,0,
2016-07-14,0,
2016-07-15,0,
2016-07-18,1,1529.0164190878538
2016-07-19,0,
2016-07-20,0,
2016-07-21,0,
2016-07-22,0,
2016-07-25,1,3375.074419838576
2016-07-26,0,
2016-07-27,0,
2016-07-28,0,
2016-07-29,0,
2016-08-01,1,1547.6655425887511
2016-08-02,0,
2016-08-03,0,
2016-08-04,0,
2016-08-05,0,
2016-08-08,1,274.29558649716733
2016-08-09,0,
2016-08-10,0,
2016-08-11,0,
2016-08-12,0,
2016-08-15,1,573.0894073320526
2016-08-16,0,
2016-08-17,0,
2016-08-18,0,
2016-08-19,0,
2016-08-22,1,1435.89303786074
2016-08-23,0,
2016-08-24,0,
2016-08-25,0,
2016-08-26,0,
2016-08-29,1,1628.5418024541787
2016-08-30,0,
2016-08-31,0,
2016-09-01,0,
2016-09-02,0,
2016-09-05,1,1350.5349132728843
2016-09-06,0,
2016-09-07,0,
2016-09-08,0,
2016-09-09,0,
2016-09-12,1,1458.6420118078645
2016-09-13,0,
2016-09-14,0,
2016-09-19,1,247.62653060870625
2016-09-20,0,
2016-09-21,0,
2016-09-22,0,
2016-09-23,0,
2016-09-26,1,446.0983482033947
2016-09-27,0,
2016-09-28,0,
2016-09-29,0,
2016-09-30,0,
2016-10-10,1,760.788270470003
2016-10-11,0,
2016-10-12,0,
2016-10-13,0,
2016-10-14,0,
2016-10-17,1,330.7714773116585
2016-10-18,0,
2016-10-19,0,
2016-10-20,0,
2016-10-21,0,
2016-10-24,1,498.8302240176222
2016-10-25,0,
2016-10-26,0,
2016-10-27,0,
2016-10-28,0,
2016-10-31,1,1062.132462073956
2016-11-01,0,
2016-11-02,0,
2016-11-03,0,
2016-11-04,0,
2016-11-07,1,1828.0390392014983
2016-11-08,0,
2016-11-09,0,
2016-11-10,0,
2016-11-11,0,
2016-11-14,1,4161.544597471759
2016-11-15,0,
2016-11-16,0,
2016-11-17,0,
2016-11-18,0,
2016-11-21,1,4724.6382858336065
2016-11-22,0,
2016-11-23,0,
2016-11-24,0,
2016-11-25,0,
2016-11-28,1,6663.2816155120145
2016-11-29,0,
2016-11-30,0,
2016-12-01,0,
2016-12-02,0,
2016-12-05,1,7295.591478878213
2016-12-06,0,
2016-12-07,0,
2016-12-08,0,
2016-12-09,0,
2016-12-12,1,2050.3356969032393
2016-12-13,0,
2016-12-14,0,
2016-12-15,0,
2016-12-16,0,
2016-12-19,1,-5.8747947920461385
2016-12-20,0,
2016-12-21,0,
2016-12-22,0,
2016-12-23,0,
2016-12-26,1,114.77754704576338
2016-12-27,0,
2016-12-28,0,
2016-12-29,0,
2016-12-30,0,
2017-01-03,1,824.644669756897
2017-01-04,0,
2017-01-05,0,
2017-01-06,0,
2017-01-09,1,1749.2242566058094
2017-01-10,0,
2017-01-11,0,
2017-01-12,0,
2017-01-13,0,
2017-01-16,1,1362.4347474713654
2017-01-17,0,
2017-01-18,0,
2017-01-19,0,
2017-01-20,0,
2017-01-23,1,966.8084020958131
2017-01-24,0,
2017-01-25,0,
2017-01-26,0,
2017-02-03,1,1241.3355564347157
2017-02-06,1,1124.6441647332772
2017-02-07,0,
2017-02-08,0,
2017-02-09,0,
2017-02-10,0,
2017-02-13,1,3066.3987899367576
2017-02-14,0,
2017-02-15,0,
2017-02-16,0,
2017-02-17,0,
2017-02-20,1,2654.558744021848
2017-02-21,0,
2017-02-22,0,
2017-02-23,0,
2017-02-24,0,
2017-02-27,1,5237.080757003564
2017-02-28,0,
2017-03-01,0,
2017-03-02,0,
2017-03-03,0,
2017-03-06,1,2209.7696373614244
2017-03-07,0,
2017-03-08,0,
2017-03-09,0,
2017-03-10,0,
2017-03-13,1,827.2449772026603
2017-03-14,0,
2017-03-15,0,
2017-03-16,0,
2017-03-17,0,
2017-03-20,1,841.1269801855102
2017-03-21,0,
2017-03-22,0,
2017-03-23,0,
2017-03-24,0,
2017-03-27,1,666.0995120944053
2017-03-28,0,
2017-03-29,0,
2017-03-30,0,
2017-03-31,0,
2017-04-05,1,584.4720785312663
2017-04-06,0,
2017-04-07,0,
2017-04-10,1,1376.4215073852238
2017-04-11,0,
2017-04-12,0,
2017-04-13,0,
2017-04-14,0,
2017-04-17,1,1427.7105481386789
2017-04-18,0,
2017-04-19,0,
2017-04-20,0,
2017-04-21,0,
2017-04-24,1,359.2422305456409
2017-04-25,0,
2017-04-26,0,
2017-04-27,0,
2017-04-28,0,
2017-05-02,1,265.78260200297984
2017-05-03,0,
2017-05-04,0,
2017-05-05,0,
2017-05-08,1,52.371754434377465
2017-05-09,0,
2017-05-10,0,
2017-05-11,0,
2017-05-12,0,
2017-05-15,1,969.8101608070197
2017-05-16,0,
2017-05-17,0,
2017-05-18,0,
2017-05-19,0,
2017-05-22,1,241.62133617972773
2017-05-23,0,
2017-05-24,0,
2017-05-25,0,
2017-05-26,0,
2017-05-31,1,518.2096184590218
2017-06-01,0,
2017-06-02,0,
2017-06-05,1,578.2161176949676
2017-06-06,0,
2017-06-07,0,
2017-06-08,0,
2017-06-09,0,
2017-06-12,1,2367.7393519009747
2017-06-13,0,
2017-06-14,0,
2017-06-15,0,
2017-06-16,0,
2017-06-19,1,3297.9535308186905
2017-06-20,0,
2017-06-21,0,
2017-06-22,0,
2017-06-23,0,
2017-06-26,1,5276.395576728942
2017-06-27,0,
2017-06-28,0,
2017-06-29,0,
2017-06-30,0,
2017-07-03,1,5018.520931046748
2017-07-04,0,
2017-07-05,0,
2017-07-06,0,
2017-07-07,0,
2017-07-10,1,3572.2119791321616
2017-07-11,0,
2017-07-12,0,
2017-07-13,0,
2017-07-14,0,
2017-07-17,1,2322.3021403086263
2017-07-18,0,
2017-07-19,0,
2017-07-20,0,
2017-07-21,0,
2017-07-24,1,3821.4565890612116
2017-07-25,0,
2017-07-26,0,
2017-07-27,0,
2017-07-28,0,
2017-07-31,1,1700.8706419484147
2017-08-01,0,
2017-08-02,0,
2017-08-03,0,
2017-08-04,0,
2017-08-07,1,1819.7731676005383
2017-08-08,0,
2017-08-09,0,
2017-08-10,0,
2017-08-11,0,
2017-08-14,1,533.5081499706878
2017-08-15,0,
2017-08-16,0,
2017-08-17,0,
2017-08-18,0,
2017-08-21,1,677.8733885464954
2017-08-22,0,
2017-08-23,0,
2017-08-24,0,
2017-08-25,0,
2017-08-28,1,874.9517299431844
2017-08-29,0,
2017-08-30,0,
2017-08-31,0,
2017-09-01,0,
2017-09-04,1,1581.1375485841982
2017-09-05,0,
2017-09-06,0,
2017-09-07,0,
2017-09-08,0,
2017-09-11,1,1488.4664550975085
2017-09-12,0,
2017-09-13,0,
2017-09-14,0,
2017-09-15,0,
2017-09-18,1,1523.0383238720801
2017-09-19,0,
2017-09-20,0,
2017-09-21,0,
2017-09-22,0,
2017-09-25,1,1804.0784115733031
2017-09-26,0,
2017-09-27,0,
2017-09-28,0,
2017-09-29,0,
2017-10-09,1,587.9310144887068
2017-10-10,0,
2017-10-11,0,
2017-10-12,0,
2017-10-13,0,
2017-10-16,1,1651.0219453748948
2017-10-17,0,
2017-10-18,0,
2017-10-19,0,
2017-10-20,0,
2017-10-23,1,3531.3280015040914
2017-10-24,0,
2017-10-25,0,
2017-10-26,0,
2017-10-27,0,
2017-10-30,1,6635.923635199995
2017-10-31,0,
2017-11-01,0,
2017-11-02,0,
2017-11-03,0,
2017-11-06,1,6354.866248421586
2017-11-07,0,
2017-11-08,0,
2017-11-09,0,
2017-11-10,0,
2017-11-13,1,9091.82412183953
2017-11-14,0,
2017-11-15,0,
2017-11-16,0,
2017-11-17,0,
2017-11-20,1,9302.353181585659
2017-11-21,0,
2017-11-22,0,
2017-11-23,0,
2017-11-24,0,
2017-11-27,1,3506.6403907297863
2017-11-28,0,
2017-11-29,0,
2017-11-30,0,
2017-12-01,0,
2017-12-04,1,390.806694070473
2017-12-05,0,
2017-12-06,0,
2017-12-07,0,
2017-12-08,0,
2017-12-11,1,388.7243681363914
2017-12-12,0,
2017-12-13,0,
2017-12-14,0,
2017-12-15,0,
2017-12-18,1,583.184749020208
2017-12-19,0,
2017-12-20,0,
2017-12-21,0,
2017-12-22,0,
2017-12-25,1,864.9504065079323
2017-12-26,0,
2017-12-27,0,
2017-12-28,0,
2017-12-29,0,
2018-01-02,1,1320.4427505082328
2018-01-03,0,
2018-01-04,0,
2018-01-05,0,
2018-01-08,1,1113.0414083784572
2018-01-09,0,
2018-01-10,0,
2018-01-11,0,
2018-01-12,0,
2018-01-15,1,4917.10715020118
2018-01-16,0,
2018-01-17,0,
2018-01-18,0,
2018-01-19,0,
2018-01-22,1,6010.848137160428
2018-01-23,0,
2018-01-24,0,
2018-01-25,0,
2018-01-26,0,
2018-01-29,1,9132.90993298646
2018-01-30,0,
2018-01-31,0,
2018-02-01,0,
2018-02-02,0,
2018-02-05,1,2755.974787753137
2018-02-06,0,
2018-02-07,0,
2018-02-08,0,
2018-02-09,0,
2018-02-12,1,-666.730210255427
2018-02-13,0,
2018-02-14,0,
2018-02-22,1,-246.34771432627463
2018-02-23,0,
2018-02-26,1,303.95300688451
2018-02-27,0,
2018-02-28,0,
2018-03-01,0,
2018-03-02,0,
2018-03-05,1,683.0660794225978
2018-03-06,0,
2018-03-07,0,
2018-03-08,0,
2018-03-09,0,
2018-03-12,1,1108.6135937587044
2018-03-13,0,
2018-03-14,0,
2018-03-15,0,
2018-03-16,0,
2018-03-19,1,1144.2238987912879
2018-03-20,0,
2018-03-21,0,
2018-03-22,0,
2018-03-23,0,
2018-03-26,1,780.3681036037051
2018-03-27,0,
2018-03-28,0,
2018-03-29,0,
2018-03-30,0,
2018-04-02,1,128.24061001027889
2018-04-03,0,
2018-04-04,0,
2018-04-09,1,562.0529419296837
2018-04-10,0,
2018-04-11,0,
2018-04-12,0,
2018-04-13,0,
2018-04-16,1,645.0222513243757
2018-04-17,0,
2018-04-18,0,
2018-04-19,0,
2018-04-20,0,
2018-04-23,1,2283.0322097936833
2018-04-24,0,
2018-04-25,0,
2018-04-26,0,
2018-04-27,0,
2018-05-02,1,1668.4796183866076
2018-05-03,0,
2018-05-04,0,
2018-05-07,1,1397.4042561520178
2018-05-08,0,
2018-05-09,0,
2018-05-10,0,
2018-05-11,0,
2018-05-14,1,559.0978437972251
2018-05-15,0,
2018-05-16,0,
2018-05-17,0,
2018-05-18,0,
2018-05-21,1,599.7836760691009
2018-05-22,0,
2018-05-23,0,
2018-05-24,0,
2018-05-25,0,
2018-05-28,1,517.1014852827619
2018-05-29,0,
2018-05-30,0,
2018-05-31,0,
2018-06-01,0,
2018-06-04,1,299.02311008621587
2018-06-05,0,
2018-06-06,0,
2018-06-07,0,
2018-06-08,0,
2018-06-11,1,140.7081933600835
2018-06-12,0,
2018-06-13,0,
2018-06-14,0,
2018-06-15,0,
2018-06-19,1,734.1662876163201
2018-06-20,0,
2018-06-21,0,
2018-06-22,0,
2018-06-25,1,989.9088167885589
2018-06-26,0,
2018-06-27,0,
2018-06-28,0,
2018-06-29,0,
2018-07-02,1,1136.525276483985
2018-07-03,0,
2018-07-04,0,
2018-07-05,0,
2018-07-06,0,
2018-07-09,1,1072.3488143277466
2018-07-10,0,
2018-07-11,0,
2018-07-12,0,
2018-07-13,0,
2018-07-16,1,1196.7053328389748
2018-07-17,0,
2018-07-18,0,
2018-07-19,0,
2018-07-20,0,
2018-07-23,1,1754.3110991269796
2018-07-24,0,
2018-07-25,0,
2018-07-26,0,
2018-07-27,0,
2018-07-30,1,809.8266484366081
2018-07-31,0,
2018-08-01,0,
2018-08-02,0,
2018-08-03,0,
2018-08-06,1,128.33759397089145
2018-08-07,0,
2018-08-08,0,
2018-08-09,0,
2018-08-10,0,
2018-08-13,1,1.5033393268855448
2018-08-14,0,
2018-08-15,0,
2018-08-16,0,
2018-08-17,0,
2018-08-20,1,-46.80802071324915
2018-08-21,0,
2018-08-22,0,
2018-08-23,0,
2018-08-24,0,
2018-08-27,1,607.1321223448514
2018-08-28,0,
2018-08-29,0,
2018-08-30,0,
2018-08-31,0,
2018-09-03,1,881.8514306693883
2018-09-04,0,
2018-09-05,0,
2018-09-06,0,
2018-09-07,0,
2018-09-10,1,970.9117133969796
2018-09-11,0,
2018-09-12,0,
2018-09-13,0,
2018-09-14,0,
2018-09-17,1,296.9138170915818
2018-09-18,0,
2018-09-19,0,
2018-09-20,0,
2018-09-21,0,
2018-09-25,1,417.19066977903833
2018-09-26,0,
2018-09-27,0,
2018-09-28,0,
2018-10-08,1,513.824574125109
2018-10-09,0,
2018-10-10,0,
2018-10-11,0,
2018-10-12,0,
2018-10-15,1,177.39272145908586
2018-10-16,0,
2018-10-17,0,
2018-10-18,0,
2018-10-19,0,
2018-10-22,1,133.10689100268684
2018-10-23,0,
2018-10-24,0,
2018-10-25,0,
2018-10-26,0,
2018-10-29,1,-185.44725909427132
2018-10-30,0,
2018-10-31,0,
2018-11-01,0,
2018-11-02,0,
2018-11-05,1,202.66360615946178
2018-11-06,0,
2018-11-07,0,
2018-11-08,0,
2018-11-09,0,
2018-11-12,1,448.5654785746846
2018-11-13,0,
2018-11-14,0,
2018-11-15,0,
2018-11-16,0,
2018-11-19,1,289.98907390572407
2018-11-20,0,
2018-11-21,0,
2018-11-22,0,
2018-11-23,0,
2018-11-26,1,309.5107627163708
2018-11-27,0,
2018-11-28,0,
2018-11-29,0,
2018-11-30,0,
2018-12-03,1,244.47255914012874
2018-12-04,0,
2018-12-05,0,
2018-12-06,0,
2018-12-07,0,
2018-12-10,1,85.36625938148555
2018-12-11,0,
2018-12-12,0,
2018-12-13,0,
2018-12-14,0,
2018-12-17,1,325.81180036877987
2018-12-18,0,
2018-12-19,0,
2018-12-20,0,
2018-12-21,0,
2018-12-24,1,133.63680673036384
2018-12-25,0,
2018-12-26,0,
2018-12-27,0,
2018-12-28,0,
2019-01-02,1,400.11950205048004
2019-01-03,0,
2019-01-04,0,
2019-01-07,1,348.3687398361303
2019-01-08,0,
2019-01-09,0,
2019-01-10,0,
2019-01-11,0,
2019-01-14,1,457.4523190365046
2019-01-15,0,
2019-01-16,0,
2019-01-17,0,
2019-01-18,0,
2019-01-21,1,453.3553419344662
2019-01-22,0,
2019-01-23,0,
2019-01-24,0,
2019-01-25,0,
2019-01-28,1,413.74375699205336
2019-01-29,0,
2019-01-30,0,
2019-01-31,0,
2019-02-01,0,
2019-02-11,1,3988.861480474679
2019-02-12,0,
2019-02-13,0,
2019-02-14,0,
2019-02-15,0,
2019-02-18,1,8237.382200364362
2019-02-19,0,
2019-02-20,0,
2019-02-21,0,
2019-02-22,0,
2019-02-25,1,9884.238798756169
2019-02-26,0,
2019-02-27,0,
2019-02-28,0,
2019-03-01,0,
2019-03-04,1,9558.952793241966
2019-03-05,0,
2019-03-06,0,
2019-03-07,0,
2019-03-08,0,
2019-03-11,1,5912.957547853663
2019-03-12,0,
2019-03-13,0,
2019-03-14,0,
2019-03-15,0,
2019-03-18,1,4426.731009201865
2019-03-19,0,
2019-03-20,0,
2019-03-21,0,
2019-03-22,0,
2019-03-25,1,2477.4013289964814
2019-03-26,0,
2019-03-27,0,
2019-03-28,0,
2019-03-29,0,
2019-04-01,1,1099.8872318912495
2019-04-02,0,
2019-04-03,0,
2019-04-04,0,
2019-04-08,1,2646.6846466662396
2019-04-09,0,
2019-04-10,0,
2019-04-11,0,
2019-04-12,0,
2019-04-15,1,2654.7494631600334
2019-04-16,0,
2019-04-17,0,
2019-04-18,0,
2019-04-19,0,
2019-04-22,1,4563.749297975261
2019-04-23,0,
2019-04-24,0,
2019-04-25,0,
2019-04-26,0,
2019-04-29,1,1282.492781660114
2019-04-30,0,
2019-05-06,1,931.0668362695782
2019-05-07,0,
2019-05-08,0,
2019-05-09,0,
2019-05-10,0,
2019-05-13,1,-290.21344454740336
2019-05-14,0,
2019-05-15,0,
2019-05-16,0,
2019-05-17,0,
2019-05-20,1,618.0435989299418
2019-05-21,0,
2019-05-22,0,
2019-05-23,0,
2019-05-24,0,
2019-05-27,1,1047.4892781019523
2019-05-28,0,
2019-05-29,0,
2019-05-30,0,
2019-05-31,0,
2019-06-03,1,1884.2296358046199
2019-06-04,0,
2019-06-05,0,
2019-06-06,0,
2019-06-10,1,1268.3066078900724
2019-06-11,0,
2019-06-12,0,
2019-06-13,0,
2019-06-14,0,
2019-06-17,1,646.5115929147519
2019-06-18,0,
2019-06-19,0,
2019-06-20,0,
2019-06-21,0,
2019-06-24,1,1194.7423559362978
2019-06-25,0,
2019-06-26,0,
2019-06-27,0,
2019-06-28,0,
2019-07-01,1,3145.715334262575
2019-07-02,0,
2019-07-03,0,
2019-07-04,0,
2019-07-05,0,
2019-07-08,1,4714.84371455602
2019-07-09,0,
2019-07-10,0,
2019-07-11,0,
2019-07-12,0,
2019-07-15,1,1720.7328594298885
2019-07-16,0,
2019-07-17,0,
2019-07-18,0,
2019-07-19,0,
2019-07-22,1,874.5256165913803
2019-07-23,0,
2019-07-24,0,
2019-07-25,0,
2019-07-26,0,
2019-07-29,1,554.8456326584583
2019-07-30,0,
2019-07-31,0,
2019-08-01,0,
2019-08-02,0,
2019-08-05,1,216.6423401883161
2019-08-06,0,
2019-08-07,0,
2019-08-08,0,
2019-08-09,0,
2019-08-12,1,669.111856926735
2019-08-13,0,
2019-08-14,0,
2019-08-15,0,
2019-08-16,0,
2019-08-19,1,104.42653746370635
2019-08-20,0,
2019-08-21,0,
2019-08-22,0,
2019-08-23,0,
2019-08-26,1,295.9616447879497
2019-08-27,0,
2019-08-28,0,
2019-08-29,0,
2019-08-30,0,
2019-09-02,1,382.37069558577195
2019-09-03,0,
2019-09-04,0,
2019-09-05,0,
2019-09-06,0,
2019-09-09,1,1256.8304559036108
2019-09-10,0,
2019-09-11,0,
2019-09-12,0,
2019-09-16,1,5654.221676724173
2019-09-17,0,
2019-09-18,0,
2019-09-19,0,
2019-09-20,0,
2019-09-23,1,3454.269049640672
2019-09-24,0,
2019-09-25,0,
2019-09-26,0,
2019-09-27,0,
2019-09-30,1,823.9254472514899
2019-10-08,1,99.05970668050605
2019-10-09,0,
2019-10-10,0,
2019-10-11,0,
2019-10-14,1,429.1413720195698
2019-10-15,0,
2019-10-16,0,
2019-10-17,0,
2019-10-18,0,
2019-10-21,1,-74.47884978943557
2019-10-22,0,
2019-10-23,0,
2019-10-24,0,
2019-10-25,0,
2019-10-28,1,844.1562526278415
2019-10-29,0,
2019-10-30,0,
2019-10-31,0,
2019-11-01,0,
2019-11-04,1,741.6351085797988
2019-11-05,0,
2019-11-06,0,
2019-11-07,0,
2019-11-08,0,
2019-11-11,1,1997.946915586895
2019-11-12,0,
2019-11-13,0,
2019-11-14,0,
2019-11-15,0,
2019-11-18,1,-103.40966187320143
2019-11-19,0,
2019-11-20,0,
2019-11-21,0,
2019-11-22,0,
2019-11-25,1,436.8542915173323
2019-11-26,0,
2019-11-27,0,
2019-11-28,0,
2019-11-29,0,
2019-12-02,1,62.947125031689446
2019-12-03,0,
2019-12-04,0,
2019-12-05,0,
2019-12-06,0,
2019-12-09,1,464.2370362294014
2019-12-10,0,
2019-12-11,0,
2019-12-12,0,
2019-12-13,0,
2019-12-16,1,949.8228130073754
2019-12-17,0,
2019-12-18,0,
2019-12-19,0,
2019-12-20,0,
2019-12-23,1,2405.1901725291323
2019-12-24,0,
2019-12-25,0,
2019-12-26,0,
2019-12-27,0,
2019-12-30,1,2119.3747591195215
2019-12-31,0,
2020-01-02,0,
2020-01-03,0,
2020-01-06,1,7987.088473354495
2020-01-07,0,
2020-01-08,0,
2020-01-09,0,
2020-01-10,0,
2020-01-13,1,6260.799397727267
2020-01-14,0,
2020-01-15,0,
2020-01-16,0,
2020-01-17,0,
2020-01-20,1,5040.05875371493
2020-01-21,0,
2020-01-22,0,
2020-01-23,0,
2020-02-03,1,781.8090415874761
2020-02-04,0,
2020-02-05,0,
2020-02-06,0,
2020-02-07,0,
2020-02-10,1,-45.97258273114791
2020-02-11,0,
2020-02-12,0,
2020-02-13,0,
2020-02-14,0,
2020-02-17,1,314.5749561592494
2020-02-18,0,
2020-02-19,0,
2020-02-20,0,
2020-02-21,0,
2020-02-24,1,519.4231409218733
2020-02-25,0,
2020-02-26,0,
2020-02-27,0,
2020-02-28,0,
2020-03-02,1,458.8583218931502
2020-03-03,0,
2020-03-04,0,
2020-03-05,0,
2020-03-06,0,
2020-03-09,1,807.6245956050783
2020-03-10,0,
2020-03-11,0,
2020-03-12,0,
2020-03-13,0,
2020-03-16,1,375.3812046919843
2020-03-17,0,
2020-03-18,0,
2020-03-19,0,
2020-03-20,0,
2020-03-23,1,92.47358117300719
2020-03-24,0,
2020-03-25,0,
2020-03-26,0,
2020-03-27,0,
2020-03-30,1,1318.2827698366784
2020-03-31,0,
2020-04-01,0,
2020-04-02,0,
2020-04-03,0,
2020-04-07,1,1272.066430171656
2020-04-08,0,
2020-04-09,0,
2020-04-10,0,
2020-04-13,1,1182.814371675759
2020-04-14,0,
2020-04-15,0,
2020-04-16,0,
2020-04-17,0,
2020-04-20,1,1042.5228935875573
2020-04-21,0,
2020-04-22,0,
2020-04-23,0,
2020-04-24,0,
2020-04-27,1,655.0266708080453
2020-04-28,0,
2020-04-29,0,
2020-04-30,0,
2020-05-06,1,1983.9676430074428
2020-05-07,0,
2020-05-08,0,
2020-05-11,1,5527.4347584227235
2020-05-12,0,
2020-05-13,0,
2020-05-14,0,
2020-05-15,0,
2020-05-18,1,2886.0240687045625
2020-05-19,0,
2020-05-20,0,
2020-05-21,0,
2020-05-22,0,
2020-05-25,1,713.1585949083066
2020-05-26,0,
2020-05-27,0,
2020-05-28,0,
2020-05-29,0,
2020-06-01,1,403.35661402507503
2020-06-02,0,
2020-06-03,0,
2020-06-04,0,
2020-06-05,0,
2020-06-08,1,856.4047678725415
2020-06-09,0,
2020-06-10,0,
2020-06-11,0,
2020-06-12,0,
2020-06-15,1,935.255414168749
2020-06-16,0,
2020-06-17,0,
2020-06-18,0,
2020-06-19,0,
2020-06-22,1,1853.2631104296563
2020-06-23,0,
2020-06-24,0,
2020-06-29,1,3300.4310979817874
2020-06-30,0,
2020-07-01,0,
2020-07-02,0,
2020-07-03,0,
2020-07-06,1,8345.172579714668
2020-07-07,0,
2020-07-08,0,
2020-07-09,0,
2020-07-10,0,
2020-07-13,1,9365.274920362634
2020-07-14,0,
2020-07-15,0,
2020-07-16,0,
2020-07-17,0,
2020-07-20,1,3788.600133775932
2020-07-21,0,
2020-07-22,0,
2020-07-23,0,
2020-07-24,0,
2020-07-27,1,2493.25429861043
2020-07-28,0,
2020-07-29,0,
2020-07-30,0,
2020-07-31,0,
2020-08-03,1,1992.2345515961658
2020-08-04,0,
2020-08-05,0,
2020-08-06,0,
2020-08-07,0,
2020-08-10,1,399.8860535064132
2020-08-11,0,
2020-08-12,0,
2020-08-13,0,
2020-08-14,0,
2020-08-17,1,709.9472191634552
2020-08-18,0,
2020-08-19,0,
2020-08-20,0,
2020-08-21,0,
2020-08-24,1,804.1889763081946
2020-08-25,0,
2020-08-26,0,
2020-08-27,0,
2020-08-28,0,
2020-08-31,1,1414.7057129359112
2020-09-01,0,
2020-09-02,0,
2020-09-03,0,
2020-09-04,0,
2020-09-07,1,722.4015745205936
2020-09-08,0,
2020-09-09,0,
2020-09-10,0,
2020-09-11,0,
2020-09-14,1,692.1743780309127
2020-09-15,0,
2020-09-16,0,
2020-09-17,0,
2020-09-18,0,
2020-09-21,1,656.4543325417244
2020-09-22,0,
2020-09-23,0,
2020-09-24,0,
2020-09-25,0,
2020-09-28,1,882.7737096588764
2020-09-29,0,
2020-09-30,0,
2020-10-09,1,736.6496367531668
2020-10-12,1,1021.9835428311242
2020-10-13,0,
2020-10-14,0,
2020-10-15,0,
2020-10-16,0,
2020-10-19,1,707.6712484216257
2020-10-20,0,
2020-10-21,0,
2020-10-22,0,
2020-10-23,0,
2020-10-26,1,1167.4029033412169
2020-10-27,0,
2020-10-28,0,
2020-10-29,0,
2020-10-30,0,
2020-11-02,1,1203.1018821623093
2020-11-03,0,
2020-11-04,0,
2020-11-05,0,
2020-11-06,0,
2020-11-09,1,2257.9288098944958
2020-11-10,0,
2020-11-11,0,
2020-11-12,0,
2020-11-13,0,
2020-11-16,1,1947.2672646833507
2020-11-17,0,
2020-11-18,0,
2020-11-19,0,
2020-11-20,0,
2020-11-23,1,2865.8255871057418
2020-11-24,0,
2020-11-25,0,
2020-11-26,0,
2020-11-27,0,
2020-11-30,1,3604.9514590392346
2020-12-01,0,
2020-12-02,0,
2020-12-03,0,
2020-12-04,0,
2020-12-07,1,4252.34739998537
2020-12-08,0,
2020-12-09,0,
2020-12-10,0,
2020-12-11,0,
2020-12-14,1,660.6470015642935
2020-12-15,0,
2020-12-16,0,
2020-12-17,0,
2020-12-18,0,
2020-12-21,1,1048.6820839011943
2020-12-22,0,
2020-12-23,0,
2020-12-24,0,
2020-12-25,0,
2020-12-28,1,1027.1164300731966
2020-12-29,0,
2020-12-30,0,
2020-12-31,0,
2021-01-04,1,2781.616392033989
2021-01-05,0,
2021-01-06,0,
2021-01-07,0,
2021-01-08,0,
2021-01-11,1,6020.56150261621
2021-01-12,0,
2021-01-13,0,
2021-01-14,0,
2021-01-15,0,
2021-01-18,1,7355.9396231387855
2021-01-19,0,
2021-01-20,0,
2021-01-21,0,
2021-01-22,0,
2021-01-25,1,6598.162840246563
2021-01-26,0,
2021-01-27,0,
2021-01-28,0,
2021-01-29,0,
2021-02-01,1,2556.7301300657728
2021-02-02,0,
2021-02-03,0,
2021-02-04,0,
2021-02-05,0,
2021-02-08,1,1415.5548997248006
2021-02-09,0,
2021-02-10,0,
2021-02-18,1,2184.0746557738394
2021-02-19,0,
2021-02-22,1,2936.3137900181537
2021-02-23,0,
2021-02-24,0,
2021-02-25,0,
2021-02-26,0,
2021-03-01,1,868.7317084586666
2021-03-02,0,
2021-03-03,0,
2021-03-04,0,
2021-03-05,0,
2021-03-08,1,761.7910733181524
2021-03-09,0,
2021-03-10,0,
2021-03-11,0,
2021-03-12,0,
2021-03-15,1,804.1868760119257
2021-03-16,0,
2021-03-17,0,
2021-03-18,0,
2021-03-19,0,
2021-03-22,1,795.7179013224029
2021-03-23,0,
2021-03-24,0,
2021-03-25,0,
2021-03-26,0,
2021-03-29,1,2439.0189322781903
2021-03-30,0,
2021-03-31,0,
2021-04-01,0,
2021-04-02,0,
2021-04-06,1,1988.8230476496306
2021-04-07,0,
2021-04-08,0,
2021-04-09,0,
2021-04-12,1,1391.7297830434147
2021-04-13,0,
2021-04-14,0,
2021-04-15,0,
2021-04-16,0,
2021-04-19,1,929.4285584212397
2021-04-20,0,
2021-04-21,0,
2021-04-22,0,
2021-04-23,0,
2021-04-26,1,782.8853204178167
2021-04-27,0,
2021-04-28,0,
2021-04-29,0,
2021-04-30,0,
2021-05-06,1,849.6098165631224
2021-05-07,0,
2021-05-10,1,381.6959611796571
2021-05-11,0,
2021-05-12,0,
2021-05-13,0,
2021-05-14,0,
2021-05-17,1,1026.8867079321506
2021-05-18,0,
2021-05-19,0,
2021-05-20,0,
2021-05-21,0,
2021-05-24,1,1037.8163855070807
2021-05-25,0,
2021-05-26,0,
2021-05-27,0,
2021-05-28,0,
2021-05-31,1,3651.769083842053
2021-06-01,0,
2021-06-02,0,
2021-06-03,0,
2021-06-04,0,
2021-06-07,1,3035.464951998584
2021-06-08,0,
2021-06-09,0,
2021-06-10,0,
2021-06-11,0,
2021-06-15,1,1774.5267128858468
2021-06-16,0,
2021-06-17,0,
2021-06-18,0,
2021-06-21,1,465.9660860486134
2021-06-22,0,
2021-06-23,0,
2021-06-24,0,
2021-06-25,0,
2021-06-28,1,676.2462343612488
2021-06-29,0,
2021-06-30,0,
2021-07-01,0,
2021-07-02,0,
2021-07-05,1,465.89580066136875
2021-07-06,0,
2021-07-07,0,
2021-07-08,0,
2021-07-09,0,
2021-07-12,1,1467.3716911318677
2021-07-13,0,
2021-07-14,0,
2021-07-15,0,
2021-07-16,0,
2021-07-19,1,1076.9313040036295
2021-07-20,0,
2021-07-21,0,
2021-07-22,0,
2021-07-23,0,
2021-07-26,1,707.646061101385
2021-07-27,0,
2021-07-28,0,
2021-07-29,0,
2021-07-30,0,
2021-08-02,1,1070.1365579183364
2021-08-03,0,
2021-08-04,0,
2021-08-05,0,
2021-08-06,0,
2021-08-09,1,1199.9597292615144
2021-08-10,0,
2021-08-11,0,
2021-08-12,0,
2021-08-13,0,
2021-08-16,1,705.8785721457268
2021-08-17,0,
2021-08-18,0,
2021-08-19,0,
2021-08-20,0,
2021-08-23,1,938.1593567751431
2021-08-24,0,
2021-08-25,0,
2021-08-26,0,
2021-08-27,0,
2021-08-30,1,1464.0784141157312
2021-08-31,0,
2021-09-01,0,
2021-09-02,0,
2021-09-03,0,
2021-09-06,1,619.1270985047219
2021-09-07,0,
2021-09-08,0,
2021-09-09,0,
2021-09-10,0,
2021-09-13,1,890.0319236852715
2021-09-14,0,
2021-09-15,0,
2021-09-16,0,
2021-09-17,0,
2021-09-22,1,1088.8560578305087
2021-09-23,0,
2021-09-24,0,
2021-09-27,1,1105.5105440243049
2021-09-28,0,
2021-09-29,0,
2021-09-30,0,
2021-10-08,1,1032.359026232536
2021-10-11,1,1227.871935609866
2021-10-12,0,
2021-10-13,0,
2021-10-14,0,
2021-10-15,0,
2021-10-18,1,985.0881705533191
2021-10-19,0,
2021-10-20,0,
2021-10-21,0,
2021-10-22,0,
2021-10-25,1,953.6777024141877
2021-10-26,0,
2021-10-27,0,
2021-10-28,0,
2021-10-29,0,
