trade_date,Position_Changing,Factor,Profit,Fee_Signal,Cumprod
2014-01-02,0,0.0,-0.0,0.0,1.0
2014-01-03,0,0.0,-0.0,0.0,1.0
2014-01-06,0,0.0,-0.0,0.0,1.0
2014-01-07,0,0.0,-0.0,0.0,1.0
2014-01-08,0,0.0,0.0,0.0,1.0
2014-01-09,0,0.0,-0.0,0.0,1.0
2014-01-10,0,0.0,-0.0,0.0,1.0
2014-01-13,0,0.0,-0.0,0.0,1.0
2014-01-14,0,0.0,0.0,0.0,1.0
2014-01-15,0,0.0,-0.0,0.0,1.0
2014-01-16,0,0.0,0.0,0.0,1.0
2014-01-17,0,0.0,-0.0,0.0,1.0
2014-01-20,0,0.0,-0.0,0.0,1.0
2014-01-21,0,0.0,0.0,0.0,1.0
2014-01-22,0,0.0,0.0,0.0,1.0
2014-01-23,0,0.0,-0.0,0.0,1.0
2014-01-24,0,0.0,0.0,0.0,1.0
2014-01-27,0,0.0,-0.0,0.0,1.0
2014-01-28,0,0.0,0.0,0.0,1.0
2014-01-29,0,0.0,0.0,0.0,1.0
2014-01-30,0,0.0,-0.0,0.0,1.0
2014-02-07,0,0.0,0.0,0.0,1.0
2014-02-10,0,0.0,0.0,0.0,1.0
2014-02-11,0,0.0,0.0,0.0,1.0
2014-02-12,0,0.0,0.0,0.0,1.0
2014-02-13,0,0.0,-0.0,0.0,1.0
2014-02-14,0,0.0,0.0,0.0,1.0
2014-02-17,0,0.0,0.0,0.0,1.0
2014-02-18,0,0.0,-0.0,0.0,1.0
2014-02-19,0,0.0,0.0,0.0,1.0
2014-02-20,0,0.0,-0.0,0.0,1.0
2014-02-21,0,0.0,-0.0,0.0,1.0
2014-02-24,0,0.0,-0.0,0.0,1.0
2014-02-25,0,0.0,-0.0,0.0,1.0
2014-02-26,0,0.0,0.0,0.0,1.0
2014-02-27,0,0.0,-0.0,0.0,1.0
2014-02-28,0,0.0,0.0,0.0,1.0
2014-03-03,0,0.0,0.0,0.0,1.0
2014-03-04,0,0.0,-0.0,0.0,1.0
2014-03-05,0,0.0,-0.0,0.0,1.0
2014-03-06,0,0.0,0.0,0.0,1.0
2014-03-07,0,0.0,-0.0,0.0,1.0
2014-03-10,1,0.0,-0.0,0.0,1.0
2014-03-11,0,0.0,0.0,0.0,1.0
2014-03-12,0,0.0,0.0,0.0,1.0
2014-03-13,0,0.0,0.0,0.0,1.0
2014-03-14,0,0.0,-0.0,0.0,1.0
2014-03-17,1,0.0,0.0,0.0,1.0
2014-03-18,0,0.0,-0.0,0.0,1.0
2014-03-19,0,0.0,-0.0,0.0,1.0
2014-03-20,0,0.0,-0.0,0.0,1.0
2014-03-21,0,0.0,0.0,0.0,1.0
2014-03-24,1,0.0,0.0,0.0,1.0
2014-03-25,0,0.0,-0.0,0.0,1.0
2014-03-26,0,0.0,-0.0,0.0,1.0
2014-03-27,0,0.0,-0.0,0.0,1.0
2014-03-28,0,0.0,-0.0,0.0,1.0
2014-03-31,1,0.0,-0.0,0.0,1.0
2014-04-01,0,0.0,0.0,0.0,1.0
2014-04-02,0,0.0,0.0,0.0,1.0
2014-04-03,0,0.0,-0.0,0.0,1.0
2014-04-04,0,0.0,0.0,0.0,1.0
2014-04-08,1,0.0,0.0,0.0,1.0
2014-04-09,0,0.0,0.0,0.0,1.0
2014-04-10,0,0.0,0.0,0.0,1.0
2014-04-11,0,0.0,-0.0,0.0,1.0
2014-04-14,1,0.0,-0.0,0.0,1.0
2014-04-15,0,0.0,-0.0,0.0,1.0
2014-04-16,0,0.0,0.0,0.0,1.0
2014-04-17,0,0.0,-0.0,0.0,1.0
2014-04-18,0,0.0,-0.0,0.0,1.0
2014-04-21,1,0.0,-0.0,0.0,1.0
2014-04-22,0,0.0,0.0,0.0,1.0
2014-04-23,0,0.0,-0.0,0.0,1.0
2014-04-24,0,0.0,-0.0,0.0,1.0
2014-04-25,0,0.0,-0.0,0.0,1.0
2014-04-28,1,0.0,-0.0,0.0,1.0
2014-04-29,0,0.0,0.0,0.0,1.0
2014-04-30,0,0.0,0.0,0.0,1.0
2014-05-05,1,0.0,-0.0,0.0,1.0
2014-05-06,0,0.0,0.0,0.0,1.0
2014-05-07,0,0.0,-0.0,0.0,1.0
2014-05-08,0,0.0,-0.0,0.0,1.0
2014-05-09,0,0.0,-0.0,0.0,1.0
2014-05-12,1,0.0,0.0,0.0,1.0
2014-05-13,0,0.0,-0.0,0.0,1.0
2014-05-14,0,0.0,-0.0,0.0,1.0
2014-05-15,0,0.0,-0.0,0.0,1.0
2014-05-16,0,0.0,0.0,0.0,1.0
2014-05-19,1,0.0,-0.0,0.0,1.0
2014-05-20,0,0.0,0.0,0.0,1.0
2014-05-21,0,0.0,0.0,0.0,1.0
2014-05-22,0,0.0,-0.0,0.0,1.0
2014-05-23,0,0.0,0.0,0.0,1.0
2014-05-26,1,0.0,0.0,0.0,1.0
2014-05-27,0,0.0,-0.0,0.0,1.0
2014-05-28,0,0.0,0.0,0.0,1.0
2014-05-29,0,0.0,-0.0,0.0,1.0
2014-05-30,0,0.0,0.0,0.0,1.0
2014-06-03,1,0.0,-0.0,0.0,1.0
2014-06-04,0,0.0,-0.0,0.0,1.0
2014-06-05,0,0.0,0.0,0.0,1.0
2014-06-06,0,0.0,-0.0,0.0,1.0
2014-06-09,1,0.0,-0.0,0.0,1.0
2014-06-10,0,0.0,0.0,0.0,1.0
2014-06-11,0,0.0,-0.0,0.0,1.0
2014-06-12,0,0.0,-0.0,0.0,1.0
2014-06-13,0,0.0,0.0,0.0,1.0
2014-06-16,1,0.0,0.0,0.0,1.0
2014-06-17,0,0.0,-0.0,0.0,1.0
2014-06-18,0,0.0,-0.0,0.0,1.0
2014-06-19,0,0.0,-0.0,0.0,1.0
2014-06-20,0,0.0,0.0,0.0,1.0
2014-06-23,1,0.0,-0.0,0.0,1.0
2014-06-24,0,0.0,0.0,0.0,1.0
2014-06-25,0,0.0,-0.0,0.0,1.0
2014-06-26,0,0.0,0.0,0.0,1.0
2014-06-27,0,0.0,0.0,0.0,1.0
2014-06-30,1,1.0,0.0069107921832707074,1.0,1.0065107921832708
2014-07-01,0,1.0,-0.00025864617203662867,0.0,0.9997413538279634
2014-07-02,0,1.0,0.002915142107402865,0.0,1.002915142107403
2014-07-03,0,1.0,0.004293209634846935,0.0,1.004293209634847
2014-07-04,0,1.0,-0.0006834266738221147,0.0,0.9993165733261778
2014-07-07,1,0.0,-0.0,-1.0,0.9991000000000001
2014-07-08,0,0.0,0.0,0.0,1.0
2014-07-09,0,0.0,-0.0,0.0,1.0
2014-07-10,0,0.0,-0.0,0.0,1.0
2014-07-11,0,0.0,0.0,0.0,1.0
2014-07-14,1,1.0,0.011056745545877347,1.0,1.0106567455458775
2014-07-15,0,1.0,0.0014826684348177514,0.0,1.0014826684348177
2014-07-16,0,1.0,-0.0018896725487131502,0.0,0.9981103274512868
2014-07-17,0,1.0,-0.006356898386361103,0.0,0.9936431016136389
2014-07-18,0,1.0,0.0032775941439080365,0.0,1.003277594143908
2014-07-21,1,0.0,0.0,-1.0,0.9991000000000001
2014-07-22,0,0.0,0.0,0.0,1.0
2014-07-23,0,0.0,0.0,0.0,1.0
2014-07-24,0,0.0,0.0,0.0,1.0
2014-07-25,0,0.0,0.0,0.0,1.0
2014-07-28,1,0.0,0.0,0.0,1.0
2014-07-29,0,0.0,0.0,0.0,1.0
2014-07-30,0,0.0,-0.0,0.0,1.0
2014-07-31,0,0.0,0.0,0.0,1.0
2014-08-01,0,0.0,-0.0,0.0,1.0
2014-08-04,1,1.0,0.01984201940413832,1.0,1.0194420194041383
2014-08-05,0,1.0,-0.0026393110009176476,0.0,0.9973606889990824
2014-08-06,0,1.0,-0.0025872074619621875,0.0,0.9974127925380378
2014-08-07,0,1.0,-0.015131896310965448,0.0,0.9848681036890345
2014-08-08,0,1.0,0.0015768262397635503,0.0,1.0015768262397635
2014-08-11,1,0.0,0.0,-1.0,0.9991000000000001
2014-08-12,0,0.0,-0.0,0.0,1.0
2014-08-13,0,0.0,0.0,0.0,1.0
2014-08-14,0,0.0,-0.0,0.0,1.0
2014-08-15,0,0.0,0.0,0.0,1.0
2014-08-18,1,0.0,0.0,0.0,1.0
2014-08-19,0,0.0,0.0,0.0,1.0
2014-08-20,0,0.0,-0.0,0.0,1.0
2014-08-21,0,0.0,-0.0,0.0,1.0
2014-08-22,0,0.0,0.0,0.0,1.0
2014-08-25,1,0.0,-0.0,0.0,1.0
2014-08-26,0,0.0,-0.0,0.0,1.0
2014-08-27,0,0.0,0.0,0.0,1.0
2014-08-28,0,0.0,-0.0,0.0,1.0
2014-08-29,0,0.0,0.0,0.0,1.0
2014-09-01,1,0.0,0.0,0.0,1.0
2014-09-02,0,0.0,0.0,0.0,1.0
2014-09-03,0,0.0,0.0,0.0,1.0
2014-09-04,0,0.0,0.0,0.0,1.0
2014-09-05,0,0.0,0.0,0.0,1.0
2014-09-09,1,1.0,-0.0016494778014585704,1.0,0.9979505221985415
2014-09-10,0,1.0,-0.0052306131963585955,0.0,0.9947693868036414
2014-09-11,0,1.0,-0.003691781469559255,0.0,0.9963082185304407
2014-09-12,0,1.0,0.006152386061193881,0.0,1.0061523860611938
2014-09-15,1,0.0,-0.0,-1.0,0.9991000000000001
2014-09-16,0,0.0,-0.0,0.0,1.0
2014-09-17,0,0.0,0.0,0.0,1.0
2014-09-18,0,0.0,0.0,0.0,1.0
2014-09-19,0,0.0,0.0,0.0,1.0
2014-09-22,1,0.0,-0.0,0.0,1.0
2014-09-23,0,0.0,0.0,0.0,1.0
2014-09-24,0,0.0,0.0,0.0,1.0
2014-09-25,0,0.0,-0.0,0.0,1.0
2014-09-26,0,0.0,0.0,0.0,1.0
2014-09-29,1,0.0,0.0,0.0,1.0
2014-09-30,0,0.0,0.0,0.0,1.0
2014-10-08,1,1.0,0.011175076193701455,1.0,1.0107750761937015
2014-10-09,0,1.0,0.0014444919665264919,0.0,1.0014444919665264
2014-10-10,0,1.0,-0.006112104949314281,0.0,0.9938878950506858
2014-10-13,1,0.0,-0.0,-1.0,0.9991000000000001
2014-10-14,0,0.0,-0.0,0.0,1.0
2014-10-15,0,0.0,0.0,0.0,1.0
2014-10-16,0,0.0,-0.0,0.0,1.0
2014-10-17,0,0.0,-0.0,0.0,1.0
2014-10-20,1,0.0,0.0,0.0,1.0
2014-10-21,0,0.0,-0.0,0.0,1.0
2014-10-22,0,0.0,-0.0,0.0,1.0
2014-10-23,0,0.0,-0.0,0.0,1.0
2014-10-24,0,0.0,-0.0,0.0,1.0
2014-10-27,1,0.0,-0.0,0.0,1.0
2014-10-28,0,0.0,0.0,0.0,1.0
2014-10-29,0,0.0,0.0,0.0,1.0
2014-10-30,0,0.0,0.0,0.0,1.0
2014-10-31,0,0.0,0.0,0.0,1.0
2014-11-03,1,1.0,0.0016863877017286543,1.0,1.0012863877017286
2014-11-04,0,1.0,0.0002467612584823748,0.0,1.0002467612584824
2014-11-05,0,1.0,-0.003867625349658103,0.0,0.9961323746503419
2014-11-06,0,1.0,0.0010465557530609142,0.0,1.001046555753061
2014-11-07,0,1.0,-0.0015642021172593233,0.0,0.9984357978827407
2014-11-10,1,0.0,0.0,-1.0,0.9991000000000001
2014-11-11,0,0.0,-0.0,0.0,1.0
2014-11-12,0,0.0,0.0,0.0,1.0
2014-11-13,0,0.0,-0.0,0.0,1.0
2014-11-14,0,0.0,0.0,0.0,1.0
2014-11-17,1,1.0,-0.005420190694629104,1.0,0.994179809305371
2014-11-18,0,1.0,-0.010003505901600965,0.0,0.9899964940983991
2014-11-19,0,1.0,-0.0016526194017518839,0.0,0.9983473805982481
2014-11-20,0,1.0,-4.729585924747987e-05,0.0,0.9999527041407525
2014-11-21,0,1.0,0.018272831185211513,0.0,1.0182728311852116
2014-11-24,1,1.0,0.025469718904105418,0.0,1.0254697189041053
2014-11-25,0,1.0,0.013701939409495378,0.0,1.0137019394094953
2014-11-26,0,1.0,0.013948673647209534,0.0,1.0139486736472096
2014-11-27,0,1.0,0.011557021248466703,0.0,1.0115570212484668
2014-11-28,0,1.0,0.019724159463276464,0.0,1.0197241594632764
2014-12-01,1,0.0,0.0,-1.0,0.9991000000000001
2014-12-02,0,0.0,0.0,0.0,1.0
2014-12-03,0,0.0,0.0,0.0,1.0
2014-12-04,0,0.0,0.0,0.0,1.0
2014-12-05,0,0.0,0.0,0.0,1.0
2014-12-08,1,0.0,0.0,0.0,1.0
2014-12-09,0,0.0,-0.0,0.0,1.0
2014-12-10,0,0.0,0.0,0.0,1.0
2014-12-11,0,0.0,-0.0,0.0,1.0
2014-12-12,0,0.0,0.0,0.0,1.0
2014-12-15,1,0.0,0.0,0.0,1.0
2014-12-16,0,0.0,0.0,0.0,1.0
2014-12-17,0,0.0,0.0,0.0,1.0
2014-12-18,0,0.0,-0.0,0.0,1.0
2014-12-19,0,0.0,0.0,0.0,1.0
2014-12-22,1,1.0,0.003343018529958573,1.0,1.0029430185299586
2014-12-23,0,1.0,-0.020492093045179217,0.0,0.9795079069548208
2014-12-24,0,1.0,-0.02843075923631251,0.0,0.9715692407636874
2014-12-25,0,1.0,0.03251310213317903,0.0,1.032513102133179
2014-12-26,0,1.0,0.0331052760971632,0.0,1.0331052760971633
2014-12-29,1,1.0,0.00279177210781693,0.0,1.002791772107817
2014-12-30,0,1.0,0.0006048398766011314,0.0,1.0006048398766012
2014-12-31,0,1.0,0.022027157958670114,0.0,1.0220271579586702
2015-01-05,1,1.0,0.030514671549165023,0.0,1.030514671549165
2015-01-06,0,1.0,-0.0001318123650982876,0.0,0.9998681876349017
2015-01-07,0,1.0,0.0007497816569900025,0.0,1.00074978165699
2015-01-08,0,1.0,-0.023198373122490522,0.0,0.9768016268775095
2015-01-09,0,1.0,-0.0035232042615601046,0.0,0.99647679573844
2015-01-12,1,1.0,-0.00934384445346683,0.0,0.9906561555465332
2015-01-13,0,1.0,0.00013092059950251209,0.0,1.0001309205995026
2015-01-14,0,1.0,-0.0033067352676690908,0.0,0.9966932647323309
2015-01-15,0,1.0,0.029037065800218084,0.0,1.0290370658002181
2015-01-16,0,1.0,0.008609591245574566,0.0,1.0086095912455746
2015-01-19,1,1.0,-0.07702295641170247,0.0,0.9229770435882976
2015-01-20,0,1.0,0.012237866450482226,0.0,1.0122378664504823
2015-01-21,0,1.0,0.044952918244401154,0.0,1.044952918244401
2015-01-22,0,1.0,0.005274888768037402,0.0,1.0052748887680374
2015-01-23,0,1.0,0.001154834749313936,0.0,1.001154834749314
2015-01-26,1,1.0,0.01015194317599588,0.0,1.0101519431759958
2015-01-27,0,1.0,-0.009162996571498244,0.0,0.9908370034285018
2015-01-28,0,1.0,-0.013877194798219734,0.0,0.9861228052017803
2015-01-29,0,1.0,-0.012344978611870689,0.0,0.9876550213881293
2015-01-30,0,1.0,-0.013616520190706045,0.0,0.986383479809294
2015-02-02,1,0.0,-0.0,-1.0,0.9991000000000001
2015-02-03,0,0.0,0.0,0.0,1.0
2015-02-04,0,0.0,-0.0,0.0,1.0
2015-02-05,0,0.0,-0.0,0.0,1.0
2015-02-06,0,0.0,-0.0,0.0,1.0
2015-02-09,1,0.0,0.0,0.0,1.0
2015-02-10,0,0.0,0.0,0.0,1.0
2015-02-11,0,0.0,0.0,0.0,1.0
2015-02-12,0,0.0,0.0,0.0,1.0
2015-02-13,0,0.0,0.0,0.0,1.0
2015-02-16,1,1.0,0.008545087223293387,1.0,1.0081450872232933
2015-02-17,0,1.0,0.006526683964474763,0.0,1.0065266839644749
2015-02-25,1,1.0,-0.012375366235890022,0.0,0.98762463376411
2015-02-26,0,1.0,0.025170105182063553,0.0,1.0251701051820636
2015-02-27,0,1.0,0.0018366425613172742,0.0,1.0018366425613172
2015-03-02,1,1.0,0.007954456398831203,0.0,1.0079544563988312
2015-03-03,0,1.0,-0.025924259842388532,0.0,0.9740757401576114
2015-03-04,0,1.0,0.006533823655178332,0.0,1.0065338236551784
2015-03-05,0,1.0,-0.009765436924000661,0.0,0.9902345630759993
2015-03-06,0,1.0,-0.005096758324419297,0.0,0.9949032416755808
2015-03-09,1,0.0,0.0,-1.0,0.9991000000000001
2015-03-10,0,0.0,-0.0,0.0,1.0
2015-03-11,0,0.0,0.0,0.0,1.0
2015-03-12,0,0.0,0.0,0.0,1.0
2015-03-13,0,0.0,0.0,0.0,1.0
2015-03-16,1,1.0,0.024327880453110635,1.0,1.0239278804531107
2015-03-17,0,1.0,0.013884128915958468,0.0,1.0138841289159584
2015-03-18,0,1.0,0.023669725747381052,0.0,1.023669725747381
2015-03-19,0,1.0,-0.0016406442973961337,0.0,0.9983593557026038
2015-03-20,0,1.0,0.013758744081630627,0.0,1.0137587440816307
2015-03-23,1,1.0,0.020420955820961414,0.0,1.0204209558209614
2015-03-24,0,1.0,0.00024924094802199274,0.0,1.000249240948022
2015-03-25,0,1.0,-0.008215350926869867,0.0,0.9917846490731301
2015-03-26,0,1.0,0.002433756893318245,0.0,1.0024337568933182
2015-03-27,0,1.0,0.005493670886075904,0.0,1.005493670886076
2015-03-30,1,1.0,0.029327492005942046,0.0,1.029327492005942
2015-03-31,0,1.0,-0.009045589969130522,0.0,0.9909544100308695
2015-04-01,0,1.0,0.01794530015797784,0.0,1.017945300157978
2015-04-02,0,1.0,0.0002133902373966656,0.0,1.0002133902373966
2015-04-03,0,1.0,0.011093925009333885,0.0,1.0110939250093338
2015-04-07,1,1.0,0.02146005073683504,0.0,1.021460050736835
2015-04-08,0,1.0,0.00839428737758336,0.0,1.0083942873775833
2015-04-09,0,1.0,-0.007835560314725978,0.0,0.992164439685274
2015-04-10,0,1.0,0.01930485624592335,0.0,1.0193048562459233
2015-04-13,1,1.0,0.017643321778281023,0.0,1.017643321778281
2015-04-14,0,1.0,0.0038701038436397936,0.0,1.0038701038436397
2015-04-15,0,1.0,-0.012994065134807527,0.0,0.9870059348651925
2015-04-16,0,1.0,0.03037089288690129,0.0,1.0303708928869013
2015-04-17,0,1.0,0.018298235313666658,0.0,1.0182982353136667
2015-04-20,1,1.0,-0.016148333166526748,0.0,0.9838516668334732
2015-04-21,0,1.0,0.021504139834406574,0.0,1.0215041398344065
2015-04-22,0,1.0,0.026119467608829428,0.0,1.0261194676088294
2015-04-23,0,1.0,0.0002278572347836574,0.0,1.0002278572347836
2015-04-24,0,1.0,-0.008068105355745439,0.0,0.9919318946442546
2015-04-27,1,1.0,0.02231725158634295,0.0,1.022317251586343
2015-04-28,0,1.0,-0.013672130942946564,0.0,0.9863278690570534
2015-04-29,0,1.0,0.006847523967388379,0.0,1.0068475239673884
2015-04-30,0,1.0,-0.005119042881409454,0.0,0.9948809571185906
2015-05-04,1,1.0,0.007968605588760887,0.0,1.007968605588761
2015-05-05,0,1.0,-0.03987267479019321,0.0,0.9601273252098068
2015-05-06,0,1.0,-0.009465197831553897,0.0,0.9905348021684461
2015-05-07,0,1.0,-0.01828112612088291,0.0,0.981718873879117
2015-05-08,0,1.0,0.01975575435841325,0.0,1.0197557543584133
2015-05-11,1,1.0,0.028986047736047762,0.0,1.0289860477360477
2015-05-12,0,1.0,0.012128693345954579,0.0,1.0121286933459546
2015-05-13,0,1.0,-0.006104368267395864,0.0,0.9938956317326041
2015-05-14,0,1.0,-0.003742762438433011,0.0,0.996257237561567
2015-05-15,0,1.0,-0.017722590718986953,0.0,0.982277409281013
2015-05-18,1,0.0,-0.0,-1.0,0.9991000000000001
2015-05-19,0,0.0,0.0,0.0,1.0
2015-05-20,0,0.0,0.0,0.0,1.0
2015-05-21,0,0.0,0.0,0.0,1.0
2015-05-22,0,0.0,0.0,0.0,1.0
2015-05-25,1,1.0,0.029925292800116347,1.0,1.0295252928001164
2015-05-26,0,1.0,0.019496029022453197,0.0,1.0194960290224533
2015-05-27,0,1.0,-0.0033641602486669886,0.0,0.996635839751333
2015-05-28,0,1.0,-0.06705098785470422,0.0,0.9329490121452958
2015-05-29,0,1.0,0.0014108369655833788,0.0,1.0014108369655834
2015-06-01,1,1.0,0.04861769572573306,0.0,1.0486176957257332
2015-06-02,0,1.0,0.016880804069201564,0.0,1.0168808040692017
2015-06-03,0,1.0,-0.003541352261874039,0.0,0.996458647738126
2015-06-04,0,1.0,0.007354785276431427,0.0,1.0073547852764315
2015-06-05,0,1.0,0.009481956683689048,0.0,1.009481956683689
2015-06-08,1,1.0,0.02355392836317401,0.0,1.023553928363174
2015-06-09,0,1.0,-0.00677842633667989,0.0,0.9932215736633201
2015-06-10,0,1.0,-0.0015702986012119252,0.0,0.9984297013987881
2015-06-11,0,1.0,-0.0004746558274361479,0.0,0.9995253441725639
2015-06-12,0,1.0,0.0053763339545734165,0.0,1.0053763339545734
2015-06-15,1,1.0,-0.021358469912579253,0.0,0.9786415300874207
2015-06-16,0,1.0,-0.02994539538072891,0.0,0.9700546046192711
2015-06-17,0,1.0,0.014612562736681703,0.0,1.0146125627366818
2015-06-18,0,1.0,-0.040530626621234744,0.0,0.9594693733787653
2015-06-19,0,1.0,-0.059526827635862124,0.0,0.9404731723641379
2015-06-23,1,1.0,0.03214112420612242,0.0,1.0321411242061225
2015-06-24,0,1.0,0.01964860669147466,0.0,1.0196486066914747
2015-06-25,0,1.0,-0.035574871980869296,0.0,0.9644251280191307
2015-06-26,0,1.0,-0.07868446325522908,0.0,0.921315536744771
2015-06-29,1,1.0,-0.03335647192581493,0.0,0.9666435280741851
2015-06-30,0,1.0,0.0671469981271844,0.0,1.0671469981271844
2015-07-01,0,1.0,-0.04917952157388767,0.0,0.9508204784261123
2015-07-02,0,1.0,-0.03409812321597369,0.0,0.9659018767840263
2015-07-03,0,1.0,-0.05406037000973708,0.0,0.9459396299902629
2015-07-06,1,0.0,0.0,-1.0,0.9991000000000001
2015-07-07,0,0.0,-0.0,0.0,1.0
2015-07-08,0,0.0,-0.0,0.0,1.0
2015-07-09,0,0.0,0.0,0.0,1.0
2015-07-10,0,0.0,0.0,0.0,1.0
2015-07-13,1,0.0,0.0,0.0,1.0
2015-07-14,0,0.0,-0.0,0.0,1.0
2015-07-15,0,0.0,-0.0,0.0,1.0
2015-07-16,0,0.0,0.0,0.0,1.0
2015-07-17,0,0.0,0.0,0.0,1.0
2015-07-20,1,1.0,0.0021943875707574785,1.0,1.0017943875707576
2015-07-21,0,1.0,0.0012978866079734813,0.0,1.0012978866079736
2015-07-22,0,1.0,-0.002124334795163805,0.0,0.9978756652048362
2015-07-23,0,1.0,0.022527398512446128,0.0,1.0225273985124461
2015-07-24,0,1.0,-0.01753312898012394,0.0,0.9824668710198761
2015-07-27,1,1.0,-0.08561447029413731,0.0,0.9143855297058627
2015-07-28,0,1.0,-0.0020006651425997315,0.0,0.9979993348574002
2015-07-29,0,1.0,0.031300756476493594,0.0,1.0313007564764936
2015-07-30,0,1.0,-0.029251624524855167,0.0,0.9707483754751448
2015-07-31,0,1.0,0.000338102589236796,0.0,1.0003381025892368
2015-08-03,1,1.0,0.0032855608247962806,0.0,1.0032855608247964
2015-08-04,0,1.0,0.031055770857924832,0.0,1.0310557708579249
2015-08-05,0,1.0,-0.020581739341870586,0.0,0.9794182606581294
2015-08-06,0,1.0,-0.009064108200367266,0.0,0.9909358917996327
2015-08-07,0,1.0,0.019596278559964545,0.0,1.0195962785599646
2015-08-10,1,1.0,0.0454114985129027,0.0,1.0454114985129026
2015-08-11,0,1.0,-0.004331155921613191,0.0,0.9956688440783868
2015-08-12,0,1.0,-0.01242785866568961,0.0,0.9875721413343104
2015-08-13,0,1.0,0.014772928167165885,0.0,1.0147729281671658
2015-08-14,0,1.0,-0.00047111246337838496,0.0,0.9995288875366216
2015-08-17,1,1.0,0.0010629575258865574,0.0,1.0010629575258865
2015-08-18,0,1.0,-0.061909771522878375,0.0,0.9380902284771216
2015-08-19,0,1.0,0.015875422503731633,0.0,1.0158754225037316
2015-08-20,0,1.0,-0.03208582295027973,0.0,0.9679141770497203
2015-08-21,0,1.0,-0.045703119807521,0.0,0.954296880192479
2015-08-24,1,1.0,-0.08747917560467351,0.0,0.9125208243953264
2015-08-25,0,1.0,-0.07101140884070681,0.0,0.9289885911592932
2015-08-26,0,1.0,-0.005665592044509661,0.0,0.9943344079554903
2015-08-27,0,1.0,0.05947403732702287,0.0,1.0594740373270228
2015-08-28,0,1.0,0.042627993162051916,0.0,1.042627993162052
2015-08-31,1,1.0,0.007255504459517277,0.0,1.0072555044595173
2015-09-01,0,1.0,-0.0013248023192951922,0.0,0.9986751976807048
2015-09-02,0,1.0,0.0011153809546471233,0.0,1.0011153809546471
2015-09-07,1,1.0,-0.034267922028147636,0.0,0.9657320779718523
2015-09-08,0,1.0,0.02569766404449797,0.0,1.025697664044498
2015-09-09,0,1.0,0.01958296590902273,0.0,1.0195829659090228
2015-09-10,0,1.0,-0.012281904268807493,0.0,0.9877180957311925
2015-09-11,0,1.0,-0.0030885524011484205,0.0,0.9969114475988515
2015-09-14,1,1.0,-0.019735957624156364,0.0,0.9802640423758436
2015-09-15,0,1.0,-0.03928524624138638,0.0,0.9607147537586136
2015-09-16,0,1.0,0.049812355062923704,0.0,1.0498123550629237
2015-09-17,0,1.0,-0.02183274155775478,0.0,0.9781672584422452
2015-09-18,0,1.0,0.004408402842137777,0.0,1.0044084028421378
2015-09-21,1,0.0,0.0,-1.0,0.9991000000000001
2015-09-22,0,0.0,0.0,0.0,1.0
2015-09-23,0,0.0,-0.0,0.0,1.0
2015-09-24,0,0.0,0.0,0.0,1.0
2015-09-25,0,0.0,-0.0,0.0,1.0
2015-09-28,1,1.0,0.0033416358545151326,1.0,1.0029416358545151
2015-09-29,0,1.0,-0.01970549687765017,0.0,0.9802945031223498
2015-09-30,0,1.0,0.007581358038284257,0.0,1.0075813580382842
2015-10-08,1,1.0,0.02920120513901254,0.0,1.0292012051390125
2015-10-09,0,1.0,0.013238363345143873,0.0,1.0132383633451438
2015-10-12,1,1.0,0.03220542974503915,0.0,1.0322054297450391
2015-10-13,0,1.0,-0.0007686305903373247,0.0,0.9992313694096627
2015-10-14,0,1.0,-0.011300304205466362,0.0,0.9886996957945337
2015-10-15,0,1.0,0.023692716911667508,0.0,1.0236927169116674
2015-10-16,0,1.0,0.013553936119260935,0.0,1.013553936119261
2015-10-19,1,1.0,3.112558608054526e-05,0.0,1.0000311255860805
2015-10-20,0,1.0,0.012314030411580617,0.0,1.0123140304115805
2015-10-21,0,1.0,-0.029194734047013397,0.0,0.9708052659529866
2015-10-22,0,1.0,0.014764269776146319,0.0,1.0147642697761463
2015-10-23,0,1.0,0.013252830873903635,0.0,1.0132528308739037
2015-10-26,1,1.0,0.0050458664217471905,0.0,1.0050458664217472
2015-10-27,0,1.0,0.0010085644394666005,0.0,1.0010085644394666
2015-10-28,0,1.0,-0.01891518781590257,0.0,0.9810848121840974
2015-10-29,0,1.0,0.0023801958626011007,0.0,1.002380195862601
2015-10-30,0,1.0,0.00021792596743562887,0.0,1.0002179259674355
2015-11-02,1,1.0,-0.016445581311119128,0.0,0.9835544186888808
2015-11-03,0,1.0,-0.003012117515736733,0.0,0.9969878824842633
2015-11-04,0,1.0,0.047049623574155514,0.0,1.0470496235741555
2015-11-05,0,1.0,0.02133916120533323,0.0,1.0213391612053333
2015-11-06,0,1.0,0.02358356921399798,0.0,1.023583569213998
2015-11-09,1,1.0,0.012384766052349236,0.0,1.0123847660523493
2015-11-10,0,1.0,-0.0018513937531735721,0.0,0.9981486062468264
2015-11-11,0,1.0,0.00010695912596140844,0.0,1.0001069591259615
2015-11-12,0,1.0,-0.009998304487890112,0.0,0.9900016955121099
2015-11-13,0,1.0,-0.012931715902743479,0.0,0.9870682840972566
2015-11-16,1,1.0,0.004775454856069106,0.0,1.004775454856069
2015-11-17,0,1.0,-0.001524920765223368,0.0,0.9984750792347766
2015-11-18,0,1.0,-0.011390515619720131,0.0,0.9886094843802798
2015-11-19,0,1.0,0.015984045559508844,0.0,1.0159840455595088
2015-11-20,0,1.0,-0.00015629263278905283,0.0,0.999843707367211
2015-11-23,1,1.0,-0.005574425468553766,0.0,0.9944255745314462
2015-11-24,0,1.0,0.0001465361518007234,0.0,1.0001465361518007
2015-11-25,0,1.0,0.007384339977996227,0.0,1.0073843399779963
2015-11-26,0,1.0,-0.005865226715605335,0.0,0.9941347732843947
2015-11-27,0,1.0,-0.0538485887488263,0.0,0.9461514112511737
2015-11-30,1,0.0,0.0,-1.0,0.9991000000000001
2015-12-01,0,0.0,0.0,0.0,1.0
2015-12-02,0,0.0,0.0,0.0,1.0
2015-12-03,0,0.0,0.0,0.0,1.0
2015-12-04,0,0.0,-0.0,0.0,1.0
2015-12-07,1,0.0,0.0,0.0,1.0
2015-12-08,0,0.0,-0.0,0.0,1.0
2015-12-09,0,0.0,0.0,0.0,1.0
2015-12-10,0,0.0,-0.0,0.0,1.0
2015-12-11,0,0.0,-0.0,0.0,1.0
2015-12-14,1,1.0,0.02861925799460104,1.0,1.028219257994601
2015-12-15,0,1.0,-0.004561719280471717,0.0,0.9954382807195283
2015-12-16,0,1.0,-0.002422592092334545,0.0,0.9975774079076655
2015-12-17,0,1.0,0.01911576365372922,0.0,1.0191157636537291
2015-12-18,0,1.0,0.0032003067182478674,0.0,1.0032003067182478
2015-12-21,1,1.0,0.026025037753024872,0.0,1.026025037753025
2015-12-22,0,1.0,0.0027832600873778685,0.0,1.0027832600873778
2015-12-23,0,1.0,-0.0026697758162162206,0.0,0.9973302241837838
2015-12-24,0,1.0,-0.009564502195852455,0.0,0.9904354978041475
2015-12-25,0,1.0,0.0022980101321355114,0.0,1.0022980101321355
2015-12-28,1,1.0,-0.028807774477619643,0.0,0.9711922255223804
2015-12-29,0,1.0,0.009185461003372057,0.0,1.0091854610033721
2015-12-30,0,1.0,0.0008798815482725202,0.0,1.0008798815482725
2015-12-31,0,1.0,-0.009077919249544467,0.0,0.9909220807504555
2016-01-04,1,1.0,-0.07020369874028407,0.0,0.9297963012597159
2016-01-05,0,1.0,0.0027990210632821005,0.0,1.002799021063282
2016-01-06,0,1.0,0.017543506631635154,0.0,1.0175435066316352
2016-01-07,0,1.0,-0.06933422980329448,0.0,0.9306657701967055
2016-01-08,0,1.0,0.0203923044700368,0.0,1.0203923044700367
2016-01-11,1,1.0,-0.050307000321279445,0.0,0.9496929996787206
2016-01-12,0,1.0,0.007285940265313543,0.0,1.0072859402653136
2016-01-13,0,1.0,-0.018605533459173845,0.0,0.9813944665408262
2016-01-14,0,1.0,0.020815113375667025,0.0,1.020815113375667
2016-01-15,0,1.0,-0.031922323587567594,0.0,0.9680776764124324
2016-01-18,1,1.0,0.0038477200655394985,0.0,1.0038477200655396
2016-01-19,0,1.0,0.02951068920028232,0.0,1.0295106892002823
2016-01-20,0,1.0,-0.015121993596266904,0.0,0.9848780064037331
2016-01-21,0,1.0,-0.029306510247670472,0.0,0.9706934897523295
2016-01-22,0,1.0,0.010420757135671095,0.0,1.0104207571356711
2016-01-25,1,1.0,0.004955901151773216,0.0,1.0049559011517732
2016-01-26,0,1.0,-0.060206654756159425,0.0,0.9397933452438406
2016-01-27,0,1.0,-0.0034551829444553184,0.0,0.9965448170555447
2016-01-28,0,1.0,-0.026136809596123224,0.0,0.9738631904038768
2016-01-29,0,1.0,0.03235380690737831,0.0,1.0323538069073783
2016-02-01,1,1.0,-0.015288059767352648,0.0,0.9847119402326473
2016-02-02,0,1.0,0.020778683580082984,0.0,1.020778683580083
2016-02-03,0,1.0,-0.004285236701076899,0.0,0.9957147632989231
2016-02-04,0,1.0,0.012249715122904237,0.0,1.0122497151229042
2016-02-05,0,1.0,-0.007025690507779605,0.0,0.9929743094922204
2016-02-15,1,0.0,-0.0,-1.0,0.9991000000000001
2016-02-16,0,0.0,0.0,0.0,1.0
2016-02-17,0,0.0,0.0,0.0,1.0
2016-02-18,0,0.0,-0.0,0.0,1.0
2016-02-19,0,0.0,-0.0,0.0,1.0
2016-02-22,1,0.0,0.0,0.0,1.0
2016-02-23,0,0.0,-0.0,0.0,1.0
2016-02-24,0,0.0,0.0,0.0,1.0
2016-02-25,0,0.0,-0.0,0.0,1.0
2016-02-26,0,0.0,0.0,0.0,1.0
2016-02-29,1,1.0,-0.023934627530927566,1.0,0.9756653724690725
2016-03-01,0,1.0,0.018495414374433184,0.0,1.0184954143744331
2016-03-02,0,1.0,0.04116436743565504,0.0,1.041164367435655
2016-03-03,0,1.0,0.00232357693202641,0.0,1.0023235769320264
2016-03-04,0,1.0,0.011597491515226752,0.0,1.0115974915152268
2016-03-07,1,1.0,0.003539233780128018,0.0,1.003539233780128
2016-03-08,0,1.0,0.0009114801406835544,0.0,1.0009114801406835
2016-03-09,0,1.0,-0.011507013292917272,0.0,0.9884929867070827
2016-03-10,0,1.0,-0.019128164562112745,0.0,0.9808718354378873
2016-03-11,0,1.0,0.0017025372118879276,0.0,1.001702537211888
2016-03-14,1,0.0,0.0,-1.0,0.9991000000000001
2016-03-15,0,0.0,0.0,0.0,1.0
2016-03-16,0,0.0,0.0,0.0,1.0
2016-03-17,0,0.0,0.0,0.0,1.0
2016-03-18,0,0.0,0.0,0.0,1.0
2016-03-21,1,1.0,0.024426537535151772,1.0,1.0240265375351518
2016-03-22,0,1.0,-0.007278177162834239,0.0,0.9927218228371658
2016-03-23,0,1.0,0.003193016284383107,0.0,1.0031930162843832
2016-03-24,0,1.0,-0.016760967711034067,0.0,0.9832390322889659
2016-03-25,0,1.0,0.005019092666216275,0.0,1.0050190926662164
2016-03-28,1,0.0,-0.0,-1.0,0.9991000000000001
2016-03-29,0,0.0,-0.0,0.0,1.0
2016-03-30,0,0.0,0.0,0.0,1.0
2016-03-31,0,0.0,0.0,0.0,1.0
2016-04-01,0,0.0,0.0,0.0,1.0
2016-04-05,1,1.0,0.013222052894419087,1.0,1.0128220528944192
2016-04-06,0,1.0,-0.002132032874966559,0.0,0.9978679671250335
2016-04-07,0,1.0,-0.01480876615104089,0.0,0.9851912338489591
2016-04-08,0,1.0,-0.007341187614706039,0.0,0.992658812385294
2016-04-11,1,0.0,0.0,-1.0,0.9991000000000001
2016-04-12,0,0.0,-0.0,0.0,1.0
2016-04-13,0,0.0,0.0,0.0,1.0
2016-04-14,0,0.0,0.0,0.0,1.0
2016-04-15,0,0.0,-0.0,0.0,1.0
2016-04-18,1,0.0,-0.0,0.0,1.0
2016-04-19,0,0.0,0.0,0.0,1.0
2016-04-20,0,0.0,-0.0,0.0,1.0
2016-04-21,0,0.0,-0.0,0.0,1.0
2016-04-22,0,0.0,0.0,0.0,1.0
2016-04-25,1,1.0,-0.00405367098176317,1.0,0.9955463290182369
2016-04-26,0,1.0,0.00541740590696472,0.0,1.0054174059069647
2016-04-27,0,1.0,-0.004164622101435531,0.0,0.9958353778985645
2016-04-28,0,1.0,-0.0016867134987618593,0.0,0.9983132865012382
2016-04-29,0,1.0,-0.0012118028969366151,0.0,0.9987881971030634
2016-05-03,1,1.0,0.017990021382751235,0.0,1.0179900213827513
2016-05-04,0,1.0,-0.0012696278870030955,0.0,0.9987303721129969
2016-05-05,0,1.0,0.0013896418712182224,0.0,1.0013896418712183
2016-05-06,0,1.0,-0.026002514063822424,0.0,0.9739974859361775
2016-05-09,1,1.0,-0.02067819892344307,0.0,0.979321801076557
2016-05-10,0,1.0,0.0011384320300625115,0.0,1.0011384320300625
2016-05-11,0,1.0,0.0044638347924967885,0.0,1.0044638347924968
2016-05-12,0,1.0,0.0023777008638222684,0.0,1.0023777008638222
2016-05-13,0,1.0,-0.00491887098966384,0.0,0.9950811290103362
2016-05-16,1,0.0,0.0,-1.0,0.9991000000000001
2016-05-17,0,0.0,-0.0,0.0,1.0
2016-05-18,0,0.0,-0.0,0.0,1.0
2016-05-19,0,0.0,-0.0,0.0,1.0
2016-05-20,0,0.0,0.0,0.0,1.0
2016-05-23,1,0.0,0.0,0.0,1.0
2016-05-24,0,0.0,-0.0,0.0,1.0
2016-05-25,0,0.0,-0.0,0.0,1.0
2016-05-26,0,0.0,0.0,0.0,1.0
2016-05-27,0,0.0,-0.0,0.0,1.0
2016-05-30,1,0.0,0.0,0.0,1.0
2016-05-31,0,0.0,0.0,0.0,1.0
2016-06-01,0,0.0,-0.0,0.0,1.0
2016-06-02,0,0.0,0.0,0.0,1.0
2016-06-03,0,0.0,0.0,0.0,1.0
2016-06-06,1,1.0,-0.003304769340268948,1.0,0.9962952306597311
2016-06-07,0,1.0,-0.0005473780904054001,0.0,0.9994526219095946
2016-06-08,0,1.0,-0.00411073165357813,0.0,0.9958892683464219
2016-06-13,1,1.0,-0.030862929402431627,0.0,0.9691370705975684
2016-06-14,0,1.0,0.0031438131453132632,0.0,1.0031438131453132
2016-06-15,0,1.0,0.013130774582409467,0.0,1.0131307745824094
2016-06-16,0,1.0,-0.006963229655015232,0.0,0.9930367703449847
2016-06-17,0,1.0,0.005070007464446954,0.0,1.005070007464447
2016-06-20,1,0.0,0.0,-1.0,0.9991000000000001
2016-06-21,0,0.0,-0.0,0.0,1.0
2016-06-22,0,0.0,0.0,0.0,1.0
2016-06-23,0,0.0,-0.0,0.0,1.0
2016-06-24,0,0.0,-0.0,0.0,1.0
2016-06-27,1,0.0,0.0,0.0,1.0
2016-06-28,0,0.0,0.0,0.0,1.0
2016-06-29,0,0.0,0.0,0.0,1.0
2016-06-30,0,0.0,0.0,0.0,1.0
2016-07-01,0,0.0,0.0,0.0,1.0
2016-07-04,1,0.0,0.0,0.0,1.0
2016-07-05,0,0.0,0.0,0.0,1.0
2016-07-06,0,0.0,0.0,0.0,1.0
2016-07-07,0,0.0,-0.0,0.0,1.0
2016-07-08,0,0.0,-0.0,0.0,1.0
2016-07-11,1,1.0,0.0034614758103924865,1.0,1.0030614758103926
2016-07-12,0,1.0,0.02180543372053454,0.0,1.0218054337205345
2016-07-13,0,1.0,0.0029604238080399047,0.0,1.0029604238080398
2016-07-14,0,1.0,-0.0018611763487435301,0.0,0.9981388236512565
2016-07-15,0,1.0,-0.00014648616316117693,0.0,0.9998535138368388
2016-07-18,1,1.0,-0.004352497344549372,0.0,0.9956475026554507
2016-07-19,0,1.0,-0.004227441891833883,0.0,0.9957725581081661
2016-07-20,0,1.0,-0.003272551512670011,0.0,0.99672744848733
2016-07-21,0,1.0,0.004608351865579464,0.0,1.0046083518655795
2016-07-22,0,1.0,-0.008411939050336393,0.0,0.9915880609496636
2016-07-25,1,0.0,0.0,-1.0,0.9991000000000001
2016-07-26,0,0.0,0.0,0.0,1.0
2016-07-27,0,0.0,-0.0,0.0,1.0
2016-07-28,0,0.0,0.0,0.0,1.0
2016-07-29,0,0.0,-0.0,0.0,1.0
2016-08-01,1,0.0,-0.0,0.0,1.0
2016-08-02,0,0.0,0.0,0.0,1.0
2016-08-03,0,0.0,0.0,0.0,1.0
2016-08-04,0,0.0,0.0,0.0,1.0
2016-08-05,0,0.0,0.0,0.0,1.0
2016-08-08,1,0.0,0.0,0.0,1.0
2016-08-09,0,0.0,0.0,0.0,1.0
2016-08-10,0,0.0,-0.0,0.0,1.0
2016-08-11,0,0.0,-0.0,0.0,1.0
2016-08-12,0,0.0,0.0,0.0,1.0
2016-08-15,1,0.0,0.0,0.0,1.0
2016-08-16,0,0.0,-0.0,0.0,1.0
2016-08-17,0,0.0,-0.0,0.0,1.0
2016-08-18,0,0.0,-0.0,0.0,1.0
2016-08-19,0,0.0,0.0,0.0,1.0
2016-08-22,1,1.0,-0.008389251772649202,1.0,0.9912107482273509
2016-08-23,0,1.0,0.0015104336802735454,0.0,1.0015104336802736
2016-08-24,0,1.0,-0.0035818698138444507,0.0,0.9964181301861555
2016-08-25,0,1.0,-0.006273537025580753,0.0,0.9937264629744192
2016-08-26,0,1.0,-0.0005681526275546936,0.0,0.9994318473724453
2016-08-29,1,1.0,0.00020864264353254812,0.0,1.0002086426435326
2016-08-30,0,1.0,0.00127275695481549,0.0,1.0012727569548154
2016-08-31,0,1.0,0.004770545804788113,0.0,1.0047705458047882
2016-09-01,0,1.0,-0.007876097950892344,0.0,0.9921239020491076
2016-09-02,0,1.0,0.0037951526238952865,0.0,1.0037951526238953
2016-09-05,1,0.0,0.0,-1.0,0.9991000000000001
2016-09-06,0,0.0,0.0,0.0,1.0
2016-09-07,0,0.0,-0.0,0.0,1.0
2016-09-08,0,0.0,-0.0,0.0,1.0
2016-09-09,0,0.0,-0.0,0.0,1.0
2016-09-12,1,1.0,-0.016708659329001476,1.0,0.9828913406709986
2016-09-13,0,1.0,-0.0006957641145098945,0.0,0.9993042358854901
2016-09-14,0,1.0,-0.006625096232589925,0.0,0.9933749037674101
2016-09-19,1,1.0,0.007530729637851835,0.0,1.0075307296378517
2016-09-20,0,1.0,-0.0017529235823383143,0.0,0.9982470764176616
2016-09-21,0,1.0,0.0028366181617240074,0.0,1.002836618161724
2016-09-22,0,1.0,0.007493938726030423,0.0,1.0074939387260304
2016-09-23,0,1.0,-0.004694450521402993,0.0,0.995305549478597
2016-09-26,1,1.0,-0.01690951774751421,0.0,0.9830904822524857
2016-09-27,0,1.0,0.006356590110176692,0.0,1.0063565901101768
2016-09-28,0,1.0,-0.003042505592841203,0.0,0.9969574944071588
2016-09-29,0,1.0,0.004178415235430485,0.0,1.0041784152354305
2016-09-30,0,1.0,0.0027401144745238175,0.0,1.0027401144745238
2016-10-10,1,1.0,0.012476638961294351,0.0,1.0124766389612943
2016-10-11,0,1.0,0.003852611062367384,0.0,1.0038526110623673
2016-10-12,0,1.0,-0.001980910674537806,0.0,0.9980190893254622
2016-10-13,0,1.0,0.0007999975757648832,0.0,1.0007999975757649
2016-10-14,0,1.0,0.0009689188984602723,0.0,1.0009689188984603
2016-10-17,1,1.0,-0.008460758957605397,0.0,0.9915392410423947
2016-10-18,0,1.0,0.013255518810938722,0.0,1.0132555188109387
2016-10-19,0,1.0,-0.0015325185994767595,0.0,0.9984674814005232
2016-10-20,0,1.0,0.0007116493378042987,0.0,1.0007116493378043
2016-10-21,0,1.0,0.0027541734466340847,0.0,1.002754173446634
2016-10-24,1,0.0,0.0,-1.0,0.9991000000000001
2016-10-25,0,0.0,-0.0,0.0,1.0
2016-10-26,0,0.0,-0.0,0.0,1.0
2016-10-27,0,0.0,-0.0,0.0,1.0
2016-10-28,0,0.0,-0.0,0.0,1.0
2016-10-31,1,0.0,-0.0,0.0,1.0
2016-11-01,0,0.0,0.0,0.0,1.0
2016-11-02,0,0.0,-0.0,0.0,1.0
2016-11-03,0,0.0,0.0,0.0,1.0
2016-11-04,0,0.0,-0.0,0.0,1.0
2016-11-07,1,1.0,0.0007214899662211732,1.0,1.0003214899662212
2016-11-08,0,1.0,0.004328797976517759,0.0,1.0043287979765179
2016-11-09,0,1.0,-0.00536023636061597,0.0,0.994639763639384
2016-11-10,0,1.0,0.011201741697857159,0.0,1.0112017416978571
2016-11-11,0,1.0,0.007848145318983802,0.0,1.0078481453189838
2016-11-14,1,1.0,0.003813041009943814,0.0,1.0038130410099437
2016-11-15,0,1.0,-0.00011077909773343317,0.0,0.9998892209022666
2016-11-16,0,1.0,-8.163574712736791e-05,0.0,0.9999183642528726
2016-11-17,0,1.0,0.0020235654990829965,0.0,1.002023565499083
2016-11-18,0,1.0,-0.005549202247616102,0.0,0.9944507977523839
2016-11-21,1,1.0,0.006920344349312089,0.0,1.006920344349312
2016-11-22,0,1.0,0.007918956383260052,0.0,1.00791895638326
2016-11-23,0,1.0,0.0018366028901267142,0.0,1.0018366028901267
2016-11-24,0,1.0,0.004031967951466665,0.0,1.0040319679514667
2016-11-25,0,1.0,0.00933288235867402,0.0,1.009332882358674
2016-11-28,1,1.0,0.003913327464288684,0.0,1.0039133274642886
2016-11-29,0,1.0,0.008192176697557067,0.0,1.008192176697557
2016-11-30,0,1.0,-0.007306315305103187,0.0,0.9926936846948968
2016-12-01,0,1.0,0.007642736009044648,0.0,1.0076427360090447
2016-12-02,0,1.0,-0.010123308574377888,0.0,0.9898766914256221
2016-12-05,1,1.0,-0.01687187407019084,0.0,0.9831281259298091
2016-12-06,0,1.0,-0.0029572751562945182,0.0,0.9970427248437055
2016-12-07,0,1.0,0.004798866773629333,0.0,1.0047988667736294
2016-12-08,0,1.0,-0.0016140401352226505,0.0,0.9983859598647773
2016-12-09,0,1.0,0.006789351438270487,0.0,1.0067893514382704
2016-12-12,1,1.0,-0.02419211723960271,0.0,0.9758078827603973
2016-12-13,0,1.0,-0.001214368264509317,0.0,0.9987856317354907
2016-12-14,0,1.0,-0.0076621713694993735,0.0,0.9923378286305006
2016-12-15,0,1.0,-0.011399991121502237,0.0,0.9886000088784977
2016-12-16,0,1.0,0.0016764308786594432,0.0,1.0016764308786594
2016-12-19,1,0.0,-0.0,-1.0,0.9991000000000001
2016-12-20,0,0.0,-0.0,0.0,1.0
2016-12-21,0,0.0,0.0,0.0,1.0
2016-12-22,0,0.0,-0.0,0.0,1.0
2016-12-23,0,0.0,-0.0,0.0,1.0
2016-12-26,1,1.0,0.004474543475631933,1.0,1.004074543475632
2016-12-27,0,1.0,-0.0018089333012280937,0.0,0.9981910666987719
2016-12-28,0,1.0,-0.00437222401466655,0.0,0.9956277759853335
2016-12-29,0,1.0,-0.0012507987849382186,0.0,0.9987492012150618
2016-12-30,0,1.0,0.0037358691960602676,0.0,1.0037358691960603
2017-01-03,1,1.0,0.009712756187161668,0.0,1.0097127561871617
2017-01-04,0,1.0,0.00780317333038119,0.0,1.0078031733303812
2017-01-05,0,1.0,-0.0001543800897185775,0.0,0.9998456199102814
2017-01-06,0,1.0,-0.005974244237318803,0.0,0.9940257557626812
2017-01-09,1,0.0,0.0,-1.0,0.9991000000000001
2017-01-10,0,0.0,-0.0,0.0,1.0
2017-01-11,0,0.0,-0.0,0.0,1.0
2017-01-12,0,0.0,-0.0,0.0,1.0
2017-01-13,0,0.0,0.0,0.0,1.0
2017-01-16,1,0.0,-0.0,0.0,1.0
2017-01-17,0,0.0,0.0,0.0,1.0
2017-01-18,0,0.0,0.0,0.0,1.0
2017-01-19,0,0.0,-0.0,0.0,1.0
2017-01-20,0,0.0,0.0,0.0,1.0
2017-01-23,1,0.0,0.0,0.0,1.0
2017-01-24,0,0.0,0.0,0.0,1.0
2017-01-25,0,0.0,0.0,0.0,1.0
2017-01-26,0,0.0,0.0,0.0,1.0
2017-02-03,1,0.0,-0.0,0.0,1.0
2017-02-06,1,0.0,0.0,0.0,1.0
2017-02-07,0,0.0,-0.0,0.0,1.0
2017-02-08,0,0.0,0.0,0.0,1.0
2017-02-09,0,0.0,0.0,0.0,1.0
2017-02-10,0,0.0,0.0,0.0,1.0
2017-02-13,1,0.0,0.0,0.0,1.0
2017-02-14,0,0.0,-0.0,0.0,1.0
2017-02-15,0,0.0,-0.0,0.0,1.0
2017-02-16,0,0.0,0.0,0.0,1.0
2017-02-17,0,0.0,-0.0,0.0,1.0
2017-02-20,1,1.0,0.014599116161616108,1.0,1.0141991161616162
2017-02-21,0,1.0,0.003292629177361314,0.0,1.0032926291773614
2017-02-22,0,1.0,0.001992638149545499,0.0,1.0019926381495454
2017-02-23,0,1.0,-0.004710925679702918,0.0,0.9952890743202971
2017-02-24,0,1.0,0.0001525917565901631,0.0,1.00015259175659
2017-02-27,1,1.0,-0.007953711300142524,0.0,0.9920462886998574
2017-02-28,0,1.0,0.0019122400775342682,0.0,1.0019122400775342
2017-03-01,0,1.0,0.0016305559819393795,0.0,1.0016305559819394
2017-03-02,0,1.0,-0.00674870750974432,0.0,0.9932512924902557
2017-03-03,0,1.0,-0.0021076533434251643,0.0,0.9978923466565748
2017-03-06,1,1.0,0.005431960465129815,0.0,1.0054319604651298
2017-03-07,0,1.0,0.0021703303080244244,0.0,1.0021703303080245
2017-03-08,0,1.0,-0.001514203986149237,0.0,0.9984857960138508
2017-03-09,0,1.0,-0.0063182678841196506,0.0,0.9936817321158804
2017-03-10,0,1.0,0.0002772152415857348,0.0,1.0002772152415857
2017-03-13,1,1.0,0.008813001584064844,0.0,1.0088130015840648
2017-03-14,0,1.0,-0.0004077383534310328,0.0,0.999592261646569
2017-03-15,0,1.0,0.0020105939497032763,0.0,1.0020105939497033
2017-03-16,0,1.0,0.005159312168701235,0.0,1.0051593121687012
2017-03-17,0,1.0,-0.010254171322213715,0.0,0.9897458286777863
2017-03-20,1,1.0,0.0011027886041308668,0.0,1.0011027886041308
2017-03-21,0,1.0,0.004852722481671777,0.0,1.0048527224816717
2017-03-22,0,1.0,-0.004702352618748749,0.0,0.9952976473812513
2017-03-23,0,1.0,0.0034579208996970584,0.0,1.003457920899697
2017-03-24,0,1.0,0.007978093460967391,0.0,1.0079780934609675
2017-03-27,1,1.0,-0.003312700596056839,0.0,0.9966872994039432
2017-03-28,0,1.0,-0.0023662752584789185,0.0,0.9976337247415211
2017-03-29,0,1.0,-0.0013314850092656055,0.0,0.9986685149907344
2017-03-30,0,1.0,-0.008204456321298351,0.0,0.9917955436787016
2017-03-31,0,1.0,0.00561284465601321,0.0,1.0056128446560133
2017-04-05,1,1.0,0.013842392326499815,0.0,1.0138423923264999
2017-04-06,0,1.0,0.0028996344063313374,0.0,1.0028996344063312
2017-04-07,0,1.0,0.0009703902904056158,0.0,1.0009703902904057
2017-04-10,1,1.0,-0.0035025273919249015,0.0,0.9964974726080751
2017-04-11,0,1.0,0.0034777498188374944,0.0,1.0034777498188374
2017-04-12,0,1.0,-0.002243178774809265,0.0,0.9977568212251907
2017-04-13,0,1.0,0.0014617716786724118,0.0,1.0014617716786725
2017-04-14,0,1.0,-0.007986752291176492,0.0,0.9920132477088235
2017-04-17,1,1.0,-0.0018815430947941906,0.0,0.9981184569052058
2017-04-18,0,1.0,-0.004942613953114213,0.0,0.9950573860468858
2017-04-19,0,1.0,-0.004868976590792168,0.0,0.9951310234092078
2017-04-20,0,1.0,0.004547459574912671,0.0,1.0045474595749126
2017-04-21,0,1.0,0.0015137727318686085,0.0,1.0015137727318686
2017-04-24,1,0.0,-0.0,-1.0,0.9991000000000001
2017-04-25,0,0.0,0.0,0.0,1.0
2017-04-26,0,0.0,0.0,0.0,1.0
2017-04-27,0,0.0,0.0,0.0,1.0
2017-04-28,0,0.0,-0.0,0.0,1.0
2017-05-02,1,0.0,-0.0,0.0,1.0
2017-05-03,0,0.0,-0.0,0.0,1.0
2017-05-04,0,0.0,-0.0,0.0,1.0
2017-05-05,0,0.0,-0.0,0.0,1.0
2017-05-08,1,1.0,-0.0070183737121403186,1.0,0.9925816262878597
2017-05-09,0,1.0,-0.0018697098079378546,0.0,0.9981302901920621
2017-05-10,0,1.0,-0.004423524919985915,0.0,0.9955764750800141
2017-05-11,0,1.0,0.005677562393264905,0.0,1.005677562393265
2017-05-12,0,1.0,0.008559128893390737,0.0,1.0085591288933908
2017-05-15,1,1.0,0.004079305720480403,0.0,1.0040793057204804
2017-05-16,0,1.0,0.008666770612998989,0.0,1.008666770612999
2017-05-17,0,1.0,-0.005448208478555785,0.0,0.9945517915214442
2017-05-18,0,1.0,-0.0034780364636638073,0.0,0.9965219635363362
2017-05-19,0,1.0,0.001689174276288814,0.0,1.0016891742762888
2017-05-22,1,0.0,0.0,-1.0,0.9991000000000001
2017-05-23,0,0.0,0.0,0.0,1.0
2017-05-24,0,0.0,-0.0,0.0,1.0
2017-05-25,0,0.0,0.0,0.0,1.0
2017-05-26,0,0.0,-0.0,0.0,1.0
2017-05-31,1,1.0,0.0035771442034462043,1.0,1.0031771442034463
2017-06-01,0,1.0,0.001391401937655938,0.0,1.001391401937656
2017-06-02,0,1.0,-0.0032106445876478994,0.0,0.9967893554123521
2017-06-05,1,1.0,-0.00509391913403381,0.0,0.9949060808659662
2017-06-06,0,1.0,0.006956396396396428,0.0,1.0069563963963963
2017-06-07,0,1.0,0.011735301527679102,0.0,1.011735301527679
2017-06-08,0,1.0,0.007671476313503363,0.0,1.0076714763135033
2017-06-09,0,1.0,0.0042656796724497344,0.0,1.0042656796724498
2017-06-12,1,1.0,-0.0004977392014362293,0.0,0.9995022607985637
2017-06-13,0,1.0,0.002204571968923399,0.0,1.0022045719689234
2017-06-14,0,1.0,-0.013111797826517767,0.0,0.9868882021734823
2017-06-15,0,1.0,-0.0018414278844794553,0.0,0.9981585721155205
2017-06-16,0,1.0,-0.002842334057849786,0.0,0.9971576659421502
2017-06-19,1,1.0,0.00992110857233794,0.0,1.0099211085723379
2017-06-20,0,1.0,-0.0020204464680176524,0.0,0.9979795535319823
2017-06-21,0,1.0,0.011693251637534648,0.0,1.0116932516375345
2017-06-22,0,1.0,0.0006633295800399417,0.0,1.00066332958004
2017-06-23,0,1.0,0.009063208498359477,0.0,1.0090632084983595
2017-06-26,1,0.0,0.0,-1.0,0.9991000000000001
2017-06-27,0,0.0,0.0,0.0,1.0
2017-06-28,0,0.0,-0.0,0.0,1.0
2017-06-29,0,0.0,0.0,0.0,1.0
2017-06-30,0,0.0,-0.0,0.0,1.0
2017-07-03,1,0.0,-0.0,0.0,1.0
2017-07-04,0,0.0,-0.0,0.0,1.0
2017-07-05,0,0.0,0.0,0.0,1.0
2017-07-06,0,0.0,0.0,0.0,1.0
2017-07-07,0,0.0,-0.0,0.0,1.0
2017-07-10,1,1.0,-0.0006127031972712228,1.0,0.9989872968027288
2017-07-11,0,1.0,0.004685673935117618,0.0,1.0046856739351175
2017-07-12,0,1.0,-0.003266309070749993,0.0,0.99673369092925
2017-07-13,0,1.0,0.007680071717110956,0.0,1.007680071717111
2017-07-14,0,1.0,0.004385774576068933,0.0,1.004385774576069
2017-07-17,1,1.0,-0.010674868825764483,0.0,0.9893251311742355
2017-07-18,0,1.0,0.0009881099258644299,0.0,1.0009881099258644
2017-07-19,0,1.0,0.017062156752600137,0.0,1.0170621567526001
2017-07-20,0,1.0,0.004860915610965912,0.0,1.004860915610966
2017-07-21,0,1.0,-0.005144241544553241,0.0,0.9948557584554467
2017-07-24,1,1.0,0.003988092045271655,0.0,1.0039880920452717
2017-07-25,0,1.0,-0.006387122108631792,0.0,0.9936128778913682
2017-07-26,0,1.0,-0.0038095903816580652,0.0,0.9961904096183419
2017-07-27,0,1.0,0.0018351644496261343,0.0,1.0018351644496262
2017-07-28,0,1.0,0.0026130128037626893,0.0,1.0026130128037627
2017-07-31,1,0.0,0.0,-1.0,0.9991000000000001
2017-08-01,0,0.0,0.0,0.0,1.0
2017-08-02,0,0.0,-0.0,0.0,1.0
2017-08-03,0,0.0,-0.0,0.0,1.0
2017-08-04,0,0.0,-0.0,0.0,1.0
2017-08-07,1,0.0,0.0,0.0,1.0
2017-08-08,0,0.0,0.0,0.0,1.0
2017-08-09,0,0.0,-0.0,0.0,1.0
2017-08-10,0,0.0,-0.0,0.0,1.0
2017-08-11,0,0.0,-0.0,0.0,1.0
2017-08-14,1,0.0,0.0,0.0,1.0
2017-08-15,0,0.0,0.0,0.0,1.0
2017-08-16,0,0.0,-0.0,0.0,1.0
2017-08-17,0,0.0,0.0,0.0,1.0
2017-08-18,0,0.0,0.0,0.0,1.0
2017-08-21,1,0.0,0.0,0.0,1.0
2017-08-22,0,0.0,0.0,0.0,1.0
2017-08-23,0,0.0,0.0,0.0,1.0
2017-08-24,0,0.0,-0.0,0.0,1.0
2017-08-25,0,0.0,0.0,0.0,1.0
2017-08-28,1,0.0,0.0,0.0,1.0
2017-08-29,0,0.0,-0.0,0.0,1.0
2017-08-30,0,0.0,-0.0,0.0,1.0
2017-08-31,0,0.0,-0.0,0.0,1.0
2017-09-01,0,0.0,0.0,0.0,1.0
2017-09-04,1,1.0,0.0039367817592297506,1.0,1.0035367817592298
2017-09-05,0,1.0,0.002972212543101058,0.0,1.002972212543101
2017-09-06,0,1.0,-0.0019704178063546917,0.0,0.9980295821936453
2017-09-07,0,1.0,-0.005086440920131429,0.0,0.9949135590798686
2017-09-08,0,1.0,-0.0010130892171275028,0.0,0.9989869107828725
2017-09-11,1,1.0,-8.886588830595239e-05,0.0,0.9999111341116941
2017-09-12,0,1.0,0.0032099120410909896,0.0,1.003209912041091
2017-09-13,0,1.0,0.001219407336767552,0.0,1.0012194073367675
2017-09-14,0,1.0,-0.0032920332794637215,0.0,0.9967079667205363
2017-09-15,0,1.0,0.0003498731057243798,0.0,1.0003498731057243
2017-09-18,1,1.0,0.0030903348732805288,0.0,1.0030903348732805
2017-09-19,0,1.0,-0.0028674469314154526,0.0,0.9971325530685845
2017-09-20,0,1.0,0.002693026314416084,0.0,1.002693026314416
2017-09-21,0,1.0,-0.0012023609997813605,0.0,0.9987976390002187
2017-09-22,0,1.0,-2.345081322212754e-05,0.0,0.9999765491867779
2017-09-25,1,1.0,-0.005195779796911209,0.0,0.9948042202030888
2017-09-26,0,1.0,0.0007831756068301915,0.0,1.0007831756068302
2017-09-27,0,1.0,0.000109925198519574,0.0,1.0001099251985195
2017-09-28,0,1.0,0.00035067518057158633,0.0,1.0003506751805715
2017-09-29,0,1.0,0.003652021953988719,0.0,1.0036520219539886
2017-10-09,1,0.0,0.0,-1.0,0.9991000000000001
2017-10-10,0,0.0,0.0,0.0,1.0
2017-10-11,0,0.0,0.0,0.0,1.0
2017-10-12,0,0.0,0.0,0.0,1.0
2017-10-13,0,0.0,0.0,0.0,1.0
2017-10-16,1,0.0,-0.0,0.0,1.0
2017-10-17,0,0.0,-0.0,0.0,1.0
2017-10-18,0,0.0,0.0,0.0,1.0
2017-10-19,0,0.0,-0.0,0.0,1.0
2017-10-20,0,0.0,-0.0,0.0,1.0
2017-10-23,1,1.0,0.0010058953104906663,1.0,1.0006058953104906
2017-10-24,0,1.0,0.007275872595909207,0.0,1.0072758725959092
2017-10-25,0,1.0,0.004432489771177382,0.0,1.0044324897711774
2017-10-26,0,1.0,0.004181596449540505,0.0,1.0041815964495404
2017-10-27,0,1.0,0.007108909800229336,0.0,1.0071089098002293
2017-10-30,1,1.0,-0.003045771102221051,0.0,0.996954228897779
2017-10-31,0,1.0,-0.0007481819179394073,0.0,0.9992518180820605
2017-11-01,0,1.0,-0.0025207651146074367,0.0,0.9974792348853926
2017-11-02,0,1.0,0.00012760782861523444,0.0,1.0001276078286152
2017-11-03,0,1.0,-0.0011082952018073695,0.0,0.9988917047981927
2017-11-06,1,1.0,0.00706038520299548,0.0,1.0070603852029956
2017-11-07,0,1.0,0.008296670637595191,0.0,1.008296670637595
2017-11-08,0,1.0,-0.001539125608928848,0.0,0.9984608743910711
2017-11-09,0,1.0,0.00688980511411777,0.0,1.0068898051141177
2017-11-10,0,1.0,0.00883485855884584,0.0,1.0088348585588458
2017-11-13,1,0.0,0.0,-1.0,0.9991000000000001
2017-11-14,0,0.0,-0.0,0.0,1.0
2017-11-15,0,0.0,-0.0,0.0,1.0
2017-11-16,0,0.0,0.0,0.0,1.0
2017-11-17,0,0.0,0.0,0.0,1.0
2017-11-20,1,0.0,0.0,0.0,1.0
2017-11-21,0,0.0,0.0,0.0,1.0
2017-11-22,0,0.0,0.0,0.0,1.0
2017-11-23,0,0.0,-0.0,0.0,1.0
2017-11-24,0,0.0,0.0,0.0,1.0
2017-11-27,1,1.0,-0.013218166756006042,1.0,0.986381833243994
2017-11-28,0,1.0,0.0014494006098841581,0.0,1.0014494006098842
2017-11-29,0,1.0,-0.0005103776794828576,0.0,0.9994896223205172
2017-11-30,0,1.0,-0.011754548257786024,0.0,0.988245451742214
2017-12-01,0,1.0,-0.0019869698709468154,0.0,0.9980130301290532
2017-12-04,1,0.0,0.0,-1.0,0.9991000000000001
2017-12-05,0,0.0,0.0,0.0,1.0
2017-12-06,0,0.0,-0.0,0.0,1.0
2017-12-07,0,0.0,-0.0,0.0,1.0
2017-12-08,0,0.0,0.0,0.0,1.0
2017-12-11,1,0.0,0.0,0.0,1.0
2017-12-12,0,0.0,-0.0,0.0,1.0
2017-12-13,0,0.0,0.0,0.0,1.0
2017-12-14,0,0.0,-0.0,0.0,1.0
2017-12-15,0,0.0,-0.0,0.0,1.0
2017-12-18,1,0.0,0.0,0.0,1.0
2017-12-19,0,0.0,0.0,0.0,1.0
2017-12-20,0,0.0,-0.0,0.0,1.0
2017-12-21,0,0.0,0.0,0.0,1.0
2017-12-22,0,0.0,-0.0,0.0,1.0
2017-12-25,1,0.0,-0.0,0.0,1.0
2017-12-26,0,0.0,0.0,0.0,1.0
2017-12-27,0,0.0,-0.0,0.0,1.0
2017-12-28,0,0.0,0.0,0.0,1.0
2017-12-29,0,0.0,0.0,0.0,1.0
2018-01-02,1,1.0,0.014029299031221748,1.0,1.013629299031222
2018-01-03,0,1.0,0.005869256740226118,0.0,1.005869256740226
2018-01-04,0,1.0,0.004237009867708991,0.0,1.004237009867709
2018-01-05,0,1.0,0.0024074733397757703,0.0,1.0024074733397759
2018-01-08,1,0.0,0.0,-1.0,0.9991000000000001
2018-01-09,0,0.0,0.0,0.0,1.0
2018-01-10,0,0.0,0.0,0.0,1.0
2018-01-11,0,0.0,-0.0,0.0,1.0
2018-01-12,0,0.0,0.0,0.0,1.0
2018-01-15,1,0.0,0.0,0.0,1.0
2018-01-16,0,0.0,0.0,0.0,1.0
2018-01-17,0,0.0,-0.0,0.0,1.0
2018-01-18,0,0.0,0.0,0.0,1.0
2018-01-19,0,0.0,0.0,0.0,1.0
2018-01-22,1,0.0,0.0,0.0,1.0
2018-01-23,0,0.0,0.0,0.0,1.0
2018-01-24,0,0.0,0.0,0.0,1.0
2018-01-25,0,0.0,-0.0,0.0,1.0
2018-01-26,0,0.0,0.0,0.0,1.0
2018-01-29,1,0.0,-0.0,0.0,1.0
2018-01-30,0,0.0,-0.0,0.0,1.0
2018-01-31,0,0.0,0.0,0.0,1.0
2018-02-01,0,0.0,-0.0,0.0,1.0
2018-02-02,0,0.0,0.0,0.0,1.0
2018-02-05,1,1.0,0.0006836438215689797,1.0,1.000283643821569
2018-02-06,0,1.0,-0.02930641180117668,0.0,0.9706935881988233
2018-02-07,0,1.0,-0.023714776723412847,0.0,0.9762852232765872
2018-02-08,0,1.0,-0.009492655227749615,0.0,0.9905073447722503
2018-02-09,0,1.0,-0.04272130207749158,0.0,0.9572786979225084
2018-02-12,1,0.0,0.0,-1.0,0.9991000000000001
2018-02-13,0,0.0,0.0,0.0,1.0
2018-02-14,0,0.0,0.0,0.0,1.0
2018-02-22,1,1.0,0.021621090205094073,1.0,1.0212210902050942
2018-02-23,0,1.0,0.004530279589313901,0.0,1.0045302795893138
2018-02-26,1,1.0,0.011625879064329192,0.0,1.011625879064329
2018-02-27,0,1.0,-0.014432719343826044,0.0,0.9855672806561739
2018-02-28,0,1.0,-0.008706620875195283,0.0,0.9912933791248048
2018-03-01,0,1.0,0.006325118549373273,0.0,1.0063251185493733
2018-03-02,0,1.0,-0.008058600821419161,0.0,0.9919413991785808
2018-03-05,1,1.0,0.00040831976417040694,0.0,1.0004083197641704
2018-03-06,0,1.0,0.012060426569771791,0.0,1.0120604265697717
2018-03-07,0,1.0,-0.007355110953729898,0.0,0.9926448890462701
2018-03-08,0,1.0,0.010144550555534867,0.0,1.0101445505555349
2018-03-09,0,1.0,0.0076687267019815535,0.0,1.0076687267019815
2018-03-12,1,0.0,0.0,-1.0,0.9991000000000001
2018-03-13,0,0.0,-0.0,0.0,1.0
2018-03-14,0,0.0,-0.0,0.0,1.0
2018-03-15,0,0.0,0.0,0.0,1.0
2018-03-16,0,0.0,-0.0,0.0,1.0
2018-03-19,1,1.0,0.004395501452019251,1.0,1.0039955014520192
2018-03-20,0,1.0,0.0008467816162483447,0.0,1.0008467816162483
2018-03-21,0,1.0,-0.004083184147926439,0.0,0.9959168158520736
2018-03-22,0,1.0,-0.010022038635328369,0.0,0.9899779613646716
2018-03-23,0,1.0,-0.028706455905580325,0.0,0.9712935440944197
2018-03-26,1,1.0,-0.006414951318074076,0.0,0.9935850486819259
2018-03-27,0,1.0,0.008603336692535126,0.0,1.008603336692535
2018-03-28,0,1.0,-0.018028400800353714,0.0,0.9819715991996463
2018-03-29,0,1.0,0.013357725777574318,0.0,1.0133577257775743
2018-03-30,0,1.0,0.0011427690964419608,0.0,1.001142769096442
2018-04-02,1,1.0,-0.002970373220469393,0.0,0.9970296267795306
2018-04-03,0,1.0,-0.006287754829016305,0.0,0.9937122451709837
2018-04-04,0,1.0,-0.0019728257492595148,0.0,0.9980271742507405
2018-04-09,1,1.0,-0.0005006666908786029,0.0,0.9994993333091214
2018-04-10,0,1.0,0.019268452839786926,0.0,1.0192684528397868
2018-04-11,0,1.0,0.002844287362146297,0.0,1.0028442873621464
2018-04-12,0,1.0,-0.010080389199510523,0.0,0.9899196108004895
2018-04-13,0,1.0,-0.007053741817659492,0.0,0.9929462581823405
2018-04-16,1,1.0,-0.01608828407135876,0.0,0.9839117159286412
2018-04-17,0,1.0,-0.015810504980492916,0.0,0.984189495019507
2018-04-18,0,1.0,0.004705706602928083,0.0,1.0047057066029281
2018-04-19,0,1.0,0.012096817018384174,0.0,1.0120968170183842
2018-04-20,0,1.0,-0.013376741940899994,0.0,0.9866232580591
2018-04-23,1,0.0,0.0,-1.0,0.9991000000000001
2018-04-24,0,0.0,0.0,0.0,1.0
2018-04-25,0,0.0,-0.0,0.0,1.0
2018-04-26,0,0.0,-0.0,0.0,1.0
2018-04-27,0,0.0,0.0,0.0,1.0
2018-05-02,1,0.0,0.0,0.0,1.0
2018-05-03,0,0.0,0.0,0.0,1.0
2018-05-04,0,0.0,-0.0,0.0,1.0
2018-05-07,1,0.0,0.0,0.0,1.0
2018-05-08,0,0.0,0.0,0.0,1.0
2018-05-09,0,0.0,-0.0,0.0,1.0
2018-05-10,0,0.0,0.0,0.0,1.0
2018-05-11,0,0.0,-0.0,0.0,1.0
2018-05-14,1,1.0,0.009411697875460855,1.0,1.0090116978754609
2018-05-15,0,1.0,0.00378841170647354,0.0,1.0037884117064735
2018-05-16,0,1.0,-0.00796615784511092,0.0,0.9920338421548891
2018-05-17,0,1.0,-0.007395628898182295,0.0,0.9926043711018177
2018-05-18,0,1.0,0.010095625056611525,0.0,1.0100956250566115
2018-05-21,1,1.0,0.004657883814238017,0.0,1.004657883814238
2018-05-22,0,1.0,-0.0038329712029867456,0.0,0.9961670287970132
2018-05-23,0,1.0,-0.013217415346333174,0.0,0.9867825846536669
2018-05-24,0,1.0,-0.007098049592951795,0.0,0.9929019504070482
2018-05-25,0,1.0,-0.0028009887072077905,0.0,0.9971990112927922
2018-05-28,1,0.0,0.0,-1.0,0.9991000000000001
2018-05-29,0,0.0,-0.0,0.0,1.0
2018-05-30,0,0.0,-0.0,0.0,1.0
2018-05-31,0,0.0,0.0,0.0,1.0
2018-06-01,0,0.0,-0.0,0.0,1.0
2018-06-04,1,0.0,0.0,0.0,1.0
2018-06-05,0,0.0,0.0,0.0,1.0
2018-06-06,0,0.0,-0.0,0.0,1.0
2018-06-07,0,0.0,-0.0,0.0,1.0
2018-06-08,0,0.0,-0.0,0.0,1.0
2018-06-11,1,1.0,9.52476704007618e-05,1.0,0.9996952476704009
2018-06-12,0,1.0,0.012161440007619035,0.0,1.012161440007619
2018-06-13,0,1.0,-0.009830238241482422,0.0,0.9901697617585176
2018-06-14,0,1.0,-0.003951598853323687,0.0,0.9960484011466764
2018-06-15,0,1.0,-0.005284400946633926,0.0,0.994715599053366
2018-06-19,1,1.0,-0.035250424278593165,0.0,0.9647495757214068
2018-06-20,0,1.0,0.003954577589254199,0.0,1.0039545775892542
2018-06-21,0,1.0,-0.011682217283190001,0.0,0.98831778271681
2018-06-22,0,1.0,0.004433657948716602,0.0,1.0044336579487165
2018-06-25,1,1.0,-0.01341683061320626,0.0,0.9865831693867937
2018-06-26,0,1.0,-0.008248887790410251,0.0,0.9917511122095898
2018-06-27,0,1.0,-0.020347709360512674,0.0,0.9796522906394873
2018-06-28,0,1.0,-0.010328798644796869,0.0,0.9896712013552031
2018-06-29,0,1.0,0.025543810044018837,0.0,1.0255438100440188
2018-07-02,1,0.0,-0.0,-1.0,0.9991000000000001
2018-07-03,0,0.0,0.0,0.0,1.0
2018-07-04,0,0.0,-0.0,0.0,1.0
2018-07-05,0,0.0,-0.0,0.0,1.0
2018-07-06,0,0.0,0.0,0.0,1.0
2018-07-09,1,0.0,0.0,0.0,1.0
2018-07-10,0,0.0,0.0,0.0,1.0
2018-07-11,0,0.0,-0.0,0.0,1.0
2018-07-12,0,0.0,0.0,0.0,1.0
2018-07-13,0,0.0,0.0,0.0,1.0
2018-07-16,1,1.0,-0.005898032748397341,1.0,0.9937019672516028
2018-07-17,0,1.0,-0.006540729070963033,0.0,0.993459270929037
2018-07-18,0,1.0,-0.005235723521328455,0.0,0.9947642764786715
2018-07-19,0,1.0,-0.0008684704428616445,0.0,0.9991315295571384
2018-07-20,0,1.0,0.018828354247244942,0.0,1.018828354247245
2018-07-23,1,0.0,0.0,-1.0,0.9991000000000001
2018-07-24,0,0.0,0.0,0.0,1.0
2018-07-25,0,0.0,-0.0,0.0,1.0
2018-07-26,0,0.0,-0.0,0.0,1.0
2018-07-27,0,0.0,-0.0,0.0,1.0
2018-07-30,1,1.0,-0.0017465487911894682,1.0,0.9978534512088105
2018-07-31,0,1.0,0.0007339804499470645,0.0,1.000733980449947
2018-08-01,0,1.0,-0.01997634791310132,0.0,0.9800236520868987
2018-08-02,0,1.0,-0.022170395574623074,0.0,0.9778296044253769
2018-08-03,0,1.0,-0.016517549896765266,0.0,0.9834824501032348
2018-08-06,1,1.0,-0.012671629545619139,0.0,0.9873283704543808
2018-08-07,0,1.0,0.0292062677383778,0.0,1.0292062677383778
2018-08-08,0,1.0,-0.016135974377164946,0.0,0.983864025622835
2018-08-09,0,1.0,0.025047442910113404,0.0,1.0250474429101133
2018-08-10,0,1.0,0.002204542711911236,0.0,1.0022045427119113
2018-08-13,1,1.0,-0.004311281578375409,0.0,0.9956887184216245
2018-08-14,0,1.0,-0.005141077296082484,0.0,0.9948589227039175
2018-08-15,0,1.0,-0.023994117838898706,0.0,0.9760058821611013
2018-08-16,0,1.0,-0.004632470428131398,0.0,0.9953675295718686
2018-08-17,0,1.0,-0.014377138183493949,0.0,0.985622861816506
2018-08-20,1,1.0,0.011651525566475347,0.0,1.0116515255664753
2018-08-21,0,1.0,0.01818042696457268,0.0,1.0181804269645727
2018-08-22,0,1.0,-0.005621270647648617,0.0,0.9943787293523514
2018-08-23,0,1.0,0.00365180852189434,0.0,1.0036518085218944
2018-08-24,0,1.0,0.0015963711171283774,0.0,1.0015963711171283
2018-08-27,1,1.0,0.024430658009881798,0.0,1.0244306580098819
2018-08-28,0,1.0,-0.0018787225860616664,0.0,0.9981212774139383
2018-08-29,0,1.0,-0.003999800009999473,0.0,0.9960001999900006
2018-08-30,0,1.0,-0.010476676991764534,0.0,0.9895233230082354
2018-08-31,0,1.0,-0.004950628004619435,0.0,0.9950493719953806
2018-09-03,1,1.0,-0.0038026690658269115,0.0,0.9961973309341731
2018-09-04,0,1.0,0.012667754423779713,0.0,1.0126677544237797
2018-09-05,0,1.0,-0.019548738071880917,0.0,0.980451261928119
2018-09-06,0,1.0,-0.010690874250334966,0.0,0.989309125749665
2018-09-07,0,1.0,0.00452361104300488,0.0,1.004523611043005
2018-09-10,1,1.0,-0.014513491414554287,0.0,0.9854865085854457
2018-09-11,0,1.0,-0.001814202168993281,0.0,0.9981857978310067
2018-09-12,0,1.0,-0.0068823060532657784,0.0,0.9931176939467342
2018-09-13,0,1.0,0.010790063772243829,0.0,1.0107900637722438
2018-09-14,0,1.0,0.0017055092273610586,0.0,1.001705509227361
2018-09-17,1,1.0,-0.011464826701294558,0.0,0.9885351732987054
2018-09-18,0,1.0,0.020128427542653097,0.0,1.0201284275426532
2018-09-19,0,1.0,0.013167432855268406,0.0,1.0131674328552684
2018-09-20,0,1.0,-0.000709438245664852,0.0,0.9992905617543352
2018-09-21,0,1.0,0.030319050913408134,0.0,1.0303190509134081
2018-09-25,1,0.0,-0.0,-1.0,0.9991000000000001
2018-09-26,0,0.0,0.0,0.0,1.0
2018-09-27,0,0.0,-0.0,0.0,1.0
2018-09-28,0,0.0,0.0,0.0,1.0
2018-10-08,1,1.0,-0.04302588648563769,1.0,0.9565741135143624
2018-10-09,0,1.0,-0.0006715488164332057,0.0,0.9993284511835668
2018-10-10,0,1.0,-0.0021558736153301605,0.0,0.9978441263846698
2018-10-11,0,1.0,-0.0479918332520721,0.0,0.9520081667479279
2018-10-12,0,1.0,0.014922649970711624,0.0,1.0149226499707116
2018-10-15,1,0.0,-0.0,-1.0,0.9991000000000001
2018-10-16,0,0.0,-0.0,0.0,1.0
2018-10-17,0,0.0,0.0,0.0,1.0
2018-10-18,0,0.0,-0.0,0.0,1.0
2018-10-19,0,0.0,0.0,0.0,1.0
2018-10-22,1,0.0,0.0,0.0,1.0
2018-10-23,0,0.0,-0.0,0.0,1.0
2018-10-24,0,0.0,0.0,0.0,1.0
2018-10-25,0,0.0,0.0,0.0,1.0
2018-10-26,0,0.0,-0.0,0.0,1.0
2018-10-29,1,0.0,-0.0,0.0,1.0
2018-10-30,0,0.0,0.0,0.0,1.0
2018-10-31,0,0.0,0.0,0.0,1.0
2018-11-01,0,0.0,0.0,0.0,1.0
2018-11-02,0,0.0,0.0,0.0,1.0
2018-11-05,1,0.0,-0.0,0.0,1.0
2018-11-06,0,0.0,-0.0,0.0,1.0
2018-11-07,0,0.0,-0.0,0.0,1.0
2018-11-08,0,0.0,-0.0,0.0,1.0
2018-11-09,0,0.0,-0.0,0.0,1.0
2018-11-12,1,1.0,0.011902356477154995,1.0,1.011502356477155
2018-11-13,0,1.0,0.010058842983457895,0.0,1.0100588429834578
2018-11-14,0,1.0,-0.010020448634389554,0.0,0.9899795513656104
2018-11-15,0,1.0,0.011678845781824258,0.0,1.0116788457818242
2018-11-16,0,1.0,0.00471877052896498,0.0,1.004718770528965
2018-11-19,1,1.0,0.011336323200324107,0.0,1.011336323200324
2018-11-20,0,1.0,-0.023125720876585945,0.0,0.9768742791234141
2018-11-21,0,1.0,0.002510556454895407,0.0,1.0025105564548955
2018-11-22,0,1.0,-0.0037378079584935785,0.0,0.9962621920415065
2018-11-23,0,1.0,-0.02207234253040191,0.0,0.9779276574695981
2018-11-26,1,1.0,-0.0007125860511281244,0.0,0.9992874139488719
2018-11-27,0,1.0,-0.001273382485897289,0.0,0.9987266175141027
2018-11-28,0,1.0,0.013288750621565471,0.0,1.0132887506215655
2018-11-29,0,1.0,-0.012985501410852,0.0,0.987014498589148
2018-11-30,0,1.0,0.011167593581183358,0.0,1.0111675935811835
2018-12-03,1,1.0,0.027818664918413005,0.0,1.0278186649184131
2018-12-04,0,1.0,0.002073015532283604,0.0,1.0020730155322837
2018-12-05,0,1.0,-0.004807648169513218,0.0,0.9951923518304868
2018-12-06,0,1.0,-0.021626691266912648,0.0,0.9783733087330874
2018-12-07,0,1.0,-3.457303868727031e-05,0.0,0.9999654269613127
2018-12-10,1,0.0,-0.0,-1.0,0.9991000000000001
2018-12-11,0,0.0,0.0,0.0,1.0
2018-12-12,0,0.0,0.0,0.0,1.0
2018-12-13,0,0.0,0.0,0.0,1.0
2018-12-14,0,0.0,-0.0,0.0,1.0
2018-12-17,1,1.0,-0.0014877239087655798,1.0,0.9981122760912344
2018-12-18,0,1.0,-0.010366316588637221,0.0,0.9896336834113628
2018-12-19,0,1.0,-0.011922913410240833,0.0,0.9880770865897591
2018-12-20,0,1.0,-0.007670334149647551,0.0,0.9923296658503524
2018-12-21,0,1.0,-0.012394781281989418,0.0,0.9876052187180105
2018-12-24,1,1.0,0.002904865649963599,0.0,1.0029048656499635
2018-12-25,0,1.0,-0.006885655980514653,0.0,0.9931143440194854
2018-12-26,0,1.0,-0.005054221020256655,0.0,0.9949457789797433
2018-12-27,0,1.0,-0.0038374033570617153,0.0,0.9961625966429383
2018-12-28,0,1.0,0.00673463723578917,0.0,1.0067346372357893
2019-01-02,1,1.0,-0.013654858585355364,0.0,0.9863451414146447
2019-01-03,0,1.0,-0.0015827367201653516,0.0,0.9984172632798346
2019-01-04,0,1.0,0.023957447956719332,0.0,1.0239574479567193
2019-01-07,1,1.0,0.0060707474298966335,0.0,1.0060707474298967
2019-01-08,0,1.0,-0.002160887928494373,0.0,0.9978391120715057
2019-01-09,0,1.0,0.010099419234176659,0.0,1.0100994192341766
2019-01-10,0,1.0,-0.0018807983160520657,0.0,0.998119201683948
2019-01-11,0,1.0,0.007189140459987875,0.0,1.007189140459988
2019-01-14,1,1.0,-0.008724368129560097,0.0,0.9912756318704399
2019-01-15,0,1.0,0.0196265703538062,0.0,1.019626570353806
2019-01-16,0,1.0,0.00021099811700175169,0.0,1.0002109981170018
2019-01-17,0,1.0,-0.005507167628210256,0.0,0.9944928323717898
2019-01-18,0,1.0,0.01823926053056161,0.0,1.0182392605305617
2019-01-21,1,0.0,0.0,-1.0,0.9991000000000001
2019-01-22,0,0.0,-0.0,0.0,1.0
2019-01-23,0,0.0,-0.0,0.0,1.0
2019-01-24,0,0.0,0.0,0.0,1.0
2019-01-25,0,0.0,0.0,0.0,1.0
2019-01-28,1,0.0,-0.0,0.0,1.0
2019-01-29,0,0.0,0.0,0.0,1.0
2019-01-30,0,0.0,-0.0,0.0,1.0
2019-01-31,0,0.0,0.0,0.0,1.0
2019-02-01,0,0.0,0.0,0.0,1.0
2019-02-11,1,1.0,0.018189936564636234,1.0,1.0177899365646363
2019-02-12,0,1.0,0.007219179366514847,0.0,1.0072191793665148
2019-02-13,0,1.0,0.02002498243422595,0.0,1.020024982434226
2019-02-14,0,1.0,0.0015042551876196773,0.0,1.0015042551876197
2019-02-15,0,1.0,-0.018647086833581232,0.0,0.9813529131664188
2019-02-18,1,1.0,0.03206038278371821,0.0,1.0320603827837183
2019-02-19,0,1.0,-0.0017790082826909907,0.0,0.998220991717309
2019-02-20,0,1.0,0.003581801425161489,0.0,1.0035818014251614
2019-02-21,0,1.0,-0.0026709695735428586,0.0,0.9973290304264572
2019-02-22,0,1.0,0.02248519335058714,0.0,1.0224851933505872
2019-02-25,1,1.0,0.05947524516209678,0.0,1.0594752451620968
2019-02-26,0,1.0,-0.012009717172367183,0.0,0.9879902828276328
2019-02-27,0,1.0,-0.0017097774846731154,0.0,0.9982902225153268
2019-02-28,0,1.0,-0.0024521597764239197,0.0,0.9975478402235761
2019-03-01,0,1.0,0.0218947666765685,0.0,1.0218947666765685
2019-03-04,1,0.0,0.0,-1.0,0.9991000000000001
2019-03-05,0,0.0,0.0,0.0,1.0
2019-03-06,0,0.0,0.0,0.0,1.0
2019-03-07,0,0.0,-0.0,0.0,1.0
2019-03-08,0,0.0,-0.0,0.0,1.0
2019-03-11,1,1.0,0.019786306793016118,1.0,1.0193863067930162
2019-03-12,0,1.0,0.006809742757945842,0.0,1.0068097427579459
2019-03-13,0,1.0,-0.008297495572982507,0.0,0.9917025044270175
2019-03-14,0,1.0,-0.006900829442106947,0.0,0.9930991705578931
2019-03-15,0,1.0,0.012575402393950023,0.0,1.01257540239395
2019-03-18,1,1.0,0.02850467289719626,0.0,1.0285046728971963
2019-03-19,0,1.0,-0.004618679820860639,0.0,0.9953813201791394
2019-03-20,0,1.0,0.0003860238500140894,0.0,1.0003860238500142
2019-03-21,0,1.0,0.00037805310472848434,0.0,1.0003780531047284
2019-03-22,0,1.0,-0.0008053397413008168,0.0,0.9991946602586992
2019-03-25,1,1.0,-0.023728415671135754,0.0,0.9762715843288643
2019-03-26,0,1.0,-0.011325654651694005,0.0,0.988674345348306
2019-03-27,0,1.0,0.01160672784858012,0.0,1.01160672784858
2019-03-28,0,1.0,-0.004004391741175721,0.0,0.9959956082588243
2019-03-29,0,1.0,0.03860637270679113,0.0,1.0386063727067911
2019-04-01,1,1.0,0.026234783102723338,0.0,1.0262347831027234
2019-04-02,0,1.0,-0.0006643297692711931,0.0,0.9993356702307288
2019-04-03,0,1.0,0.01280943975383311,0.0,1.0128094397538332
2019-04-04,0,1.0,0.009962308809197089,0.0,1.0099623088091971
2019-04-08,1,1.0,-0.0012308510350226354,0.0,0.9987691489649774
2019-04-09,0,1.0,0.004485819142616962,0.0,1.004485819142617
2019-04-10,0,1.0,0.0025567854189619435,0.0,1.0025567854189619
2019-04-11,0,1.0,-0.021603827844879273,0.0,0.9783961721551208
2019-04-12,0,1.0,-0.0022413560203923466,0.0,0.9977586439796077
2019-04-15,1,1.0,-0.0032843439585620864,0.0,0.9967156560414379
2019-04-16,0,1.0,0.027737251982130635,0.0,1.0277372519821306
2019-04-17,0,1.0,0.0003548885282894662,0.0,1.0003548885282896
2019-04-18,0,1.0,-0.0037091044323308286,0.0,0.9962908955676691
2019-04-19,0,1.0,0.01191774228404151,0.0,1.0119177422840415
2019-04-22,1,1.0,-0.02305483896801676,0.0,0.9769451610319833
2019-04-23,0,1.0,-0.0016395030815205419,0.0,0.9983604969184795
2019-04-24,0,1.0,0.002756897843001119,0.0,1.002756897843001
2019-04-25,0,1.0,-0.021902736663449197,0.0,0.9780972633365508
2019-04-26,0,1.0,-0.013331405289942255,0.0,0.9866685947100577
2019-04-29,1,1.0,0.0028437213153110854,0.0,1.0028437213153112
2019-04-30,0,1.0,0.003302284678475952,0.0,1.003302284678476
2019-05-06,1,0.0,-0.0,-1.0,0.9991000000000001
2019-05-07,0,0.0,0.0,0.0,1.0
2019-05-08,0,0.0,-0.0,0.0,1.0
2019-05-09,0,0.0,-0.0,0.0,1.0
2019-05-10,0,0.0,0.0,0.0,1.0
2019-05-13,1,0.0,-0.0,0.0,1.0
2019-05-14,0,0.0,-0.0,0.0,1.0
2019-05-15,0,0.0,0.0,0.0,1.0
2019-05-16,0,0.0,0.0,0.0,1.0
2019-05-17,0,0.0,-0.0,0.0,1.0
2019-05-20,1,1.0,-0.008487815038533708,1.0,0.9911121849614664
2019-05-21,0,1.0,0.013541416168434385,0.0,1.0135414161684344
2019-05-22,0,1.0,-0.004745307872302153,0.0,0.9952546921276978
2019-05-23,0,1.0,-0.017926332692128545,0.0,0.9820736673078715
2019-05-24,0,1.0,0.0027762586636011057,0.0,1.002776258663601
2019-05-27,1,0.0,0.0,-1.0,0.9991000000000001
2019-05-28,0,0.0,0.0,0.0,1.0
2019-05-29,0,0.0,-0.0,0.0,1.0
2019-05-30,0,0.0,-0.0,0.0,1.0
2019-05-31,0,0.0,-0.0,0.0,1.0
2019-06-03,1,1.0,0.0006116056300778433,1.0,1.0002116056300778
2019-06-04,0,1.0,-0.009234556072257625,0.0,0.9907654439277424
2019-06-05,0,1.0,-0.0003807173604337096,0.0,0.9996192826395663
2019-06-06,0,1.0,-0.009012815879458473,0.0,0.9909871841205415
2019-06-10,1,0.0,0.0,-1.0,0.9991000000000001
2019-06-11,0,0.0,0.0,0.0,1.0
2019-06-12,0,0.0,-0.0,0.0,1.0
2019-06-13,0,0.0,-0.0,0.0,1.0
2019-06-14,0,0.0,-0.0,0.0,1.0
2019-06-17,1,1.0,-1.641640765221989e-05,1.0,0.9995835835923478
2019-06-18,0,1.0,0.003502224459754441,0.0,1.0035022244597545
2019-06-19,0,1.0,0.013174756381522667,0.0,1.0131747563815228
2019-06-20,0,1.0,0.030296506402148562,0.0,1.0302965064021485
2019-06-21,0,1.0,0.001415690658531253,0.0,1.0014156906585312
2019-06-24,1,1.0,0.001911871338622912,0.0,1.0019118713386228
2019-06-25,0,1.0,-0.010402809487487221,0.0,0.9895971905125128
2019-06-26,0,1.0,-0.0018362090963378462,0.0,0.9981637909036621
2019-06-27,0,1.0,0.010671185690227323,0.0,1.0106711856902273
2019-06-28,0,1.0,-0.0024068926312056415,0.0,0.9975931073687944
2019-07-01,1,1.0,0.028811242187479526,0.0,1.0288112421874795
2019-07-02,0,1.0,0.00034554513556297876,0.0,1.000345545135563
2019-07-03,0,1.0,-0.011084103556615507,0.0,0.9889158964433845
2019-07-04,0,1.0,-0.0052471664530645175,0.0,0.9947528335469354
2019-07-05,0,1.0,0.005189641372543933,0.0,1.0051896413725439
2019-07-08,1,1.0,-0.023222541867872152,0.0,0.9767774581321278
2019-07-09,0,1.0,-0.0025402401920694684,0.0,0.9974597598079306
2019-07-10,0,1.0,-0.0016846245712644511,0.0,0.9983153754287355
2019-07-11,0,1.0,-0.00040140067709955844,0.0,0.9995985993229004
2019-07-12,0,1.0,0.006210999624856738,0.0,1.0062109996248567
2019-07-15,1,1.0,0.00405909581409027,0.0,1.0040590958140903
2019-07-16,0,1.0,-0.004536908469505937,0.0,0.9954630915304941
2019-07-17,0,1.0,-0.0005779071355770857,0.0,0.999422092864423
2019-07-18,0,1.0,-0.009525211320913354,0.0,0.9904747886790867
2019-07-19,0,1.0,0.010497824010189987,0.0,1.01049782401019
2019-07-22,1,1.0,-0.006901332997195401,0.0,0.9930986670028046
2019-07-23,0,1.0,0.0021762814410526588,0.0,1.0021762814410526
2019-07-24,0,1.0,0.007894646574720792,0.0,1.0078946465747207
2019-07-25,0,1.0,0.008178374430275755,0.0,1.0081783744302757
2019-07-26,0,1.0,0.0019475106918336981,0.0,1.0019475106918336
2019-07-29,1,0.0,-0.0,-1.0,0.9991000000000001
2019-07-30,0,0.0,0.0,0.0,1.0
2019-07-31,0,0.0,-0.0,0.0,1.0
2019-08-01,0,0.0,-0.0,0.0,1.0
2019-08-02,0,0.0,-0.0,0.0,1.0
2019-08-05,1,0.0,-0.0,0.0,1.0
2019-08-06,0,0.0,-0.0,0.0,1.0
2019-08-07,0,0.0,-0.0,0.0,1.0
2019-08-08,0,0.0,0.0,0.0,1.0
2019-08-09,0,0.0,-0.0,0.0,1.0
2019-08-12,1,1.0,0.018045812199156113,1.0,1.017645812199156
2019-08-13,0,1.0,-0.009015706523208324,0.0,0.9909842934767916
2019-08-14,0,1.0,0.004542044602059631,0.0,1.0045420446020596
2019-08-15,0,1.0,0.0031501194872908724,0.0,1.003150119487291
2019-08-16,0,1.0,0.00447753113156469,0.0,1.0044775311315648
2019-08-19,1,1.0,0.02170843057883763,0.0,1.0217084305788375
2019-08-20,0,1.0,-0.0008862886399426358,0.0,0.9991137113600573
2019-08-21,0,1.0,-0.0015761419108542055,0.0,0.9984238580891458
2019-08-22,0,1.0,0.003107018954137756,0.0,1.0031070189541378
2019-08-23,0,1.0,0.007209681798650829,0.0,1.007209681798651
2019-08-26,1,1.0,-0.014381579016242487,0.0,0.9856184209837575
2019-08-27,0,1.0,0.013553165104848486,0.0,1.0135531651048484
2019-08-28,0,1.0,-0.0037647860202517434,0.0,0.9962352139797482
2019-08-29,0,1.0,-0.00325831409201118,0.0,0.9967416859079888
2019-08-30,0,1.0,0.00248008675026848,0.0,1.0024800867502686
2019-09-02,1,1.0,0.012825067967859694,0.0,1.0128250679678596
2019-09-03,0,1.0,0.0013746258107433797,0.0,1.0013746258107434
2019-09-04,0,1.0,0.008405105861776327,0.0,1.0084051058617762
2019-09-05,0,1.0,0.01011837364899644,0.0,1.0101183736489965
2019-09-06,0,1.0,0.005907798599859388,0.0,1.0059077985998595
2019-09-09,1,1.0,0.006189676612190319,0.0,1.0061896766121903
2019-09-10,0,1.0,-0.003445802237631886,0.0,0.9965541977623681
2019-09-11,0,1.0,-0.007365012653879843,0.0,0.9926349873461202
2019-09-12,0,1.0,0.010757995979746113,0.0,1.0107579959797461
2019-09-16,1,1.0,-0.00369048278362098,0.0,0.9963095172163791
2019-09-17,0,1.0,-0.016802603519197924,0.0,0.9831973964808021
2019-09-18,0,1.0,0.004846808969937482,0.0,1.0048468089699374
2019-09-19,0,1.0,0.0036572141746460895,0.0,1.003657214174646
2019-09-20,0,1.0,0.002871791212879482,0.0,1.0028717912128795
2019-09-23,1,1.0,-0.011431402690788113,0.0,0.9885685973092119
2019-09-24,0,1.0,0.0026782088386032377,0.0,1.0026782088386033
2019-09-25,0,1.0,-0.007715812031539961,0.0,0.9922841879684601
2019-09-26,0,1.0,-0.007708642255966227,0.0,0.9922913577440338
2019-09-27,0,1.0,0.0029965062455417453,0.0,1.0029965062455417
2019-09-30,1,0.0,-0.0,-1.0,0.9991000000000001
2019-10-08,1,0.0,0.0,0.0,1.0
2019-10-09,0,0.0,0.0,0.0,1.0
2019-10-10,0,0.0,0.0,0.0,1.0
2019-10-11,0,0.0,0.0,0.0,1.0
2019-10-14,1,0.0,0.0,0.0,1.0
2019-10-15,0,0.0,-0.0,0.0,1.0
2019-10-16,0,0.0,-0.0,0.0,1.0
2019-10-17,0,0.0,0.0,0.0,1.0
2019-10-18,0,0.0,-0.0,0.0,1.0
2019-10-21,1,0.0,0.0,0.0,1.0
2019-10-22,0,0.0,0.0,0.0,1.0
2019-10-23,0,0.0,-0.0,0.0,1.0
2019-10-24,0,0.0,-0.0,0.0,1.0
2019-10-25,0,0.0,0.0,0.0,1.0
2019-10-28,1,0.0,0.0,0.0,1.0
2019-10-29,0,0.0,-0.0,0.0,1.0
2019-10-30,0,0.0,-0.0,0.0,1.0
2019-10-31,0,0.0,-0.0,0.0,1.0
2019-11-01,0,0.0,0.0,0.0,1.0
2019-11-04,1,1.0,0.00650998509762448,1.0,1.0061099850976245
2019-11-05,0,1.0,0.0062064492775482025,0.0,1.0062064492775482
2019-11-06,0,1.0,-0.004479353254338786,0.0,0.9955206467456612
2019-11-07,0,1.0,0.0017566400995763988,0.0,1.0017566400995763
2019-11-08,0,1.0,-0.004727096004889899,0.0,0.9952729039951101
2019-11-11,1,1.0,-0.01762643436588385,0.0,0.9823735656341162
2019-11-12,0,1.0,0.00018191228240986026,0.0,1.0001819122824098
2019-11-13,0,1.0,-0.0009503828428999322,0.0,0.9990496171571001
2019-11-14,0,1.0,0.00150770003948741,0.0,1.0015077000394874
2019-11-15,0,1.0,-0.00736585540700383,0.0,0.9926341445929961
2019-11-18,1,1.0,0.007954419422814454,0.0,1.0079544194228145
2019-11-19,0,1.0,0.010007855821368379,0.0,1.0100078558213683
2019-11-20,0,1.0,-0.009926425878633061,0.0,0.990073574121367
2019-11-21,0,1.0,-0.004672634127118222,0.0,0.9953273658728817
2019-11-22,0,1.0,-0.010183566433566467,0.0,0.9898164335664336
2019-11-25,1,1.0,0.007329889168543362,0.0,1.0073298891685434
2019-11-26,0,1.0,0.0034655163077811813,0.0,1.0034655163077812
2019-11-27,0,1.0,-0.004119075456425989,0.0,0.995880924543574
2019-11-28,0,1.0,-0.0034368694557257184,0.0,0.9965631305442743
2019-11-29,0,1.0,-0.008707246977189786,0.0,0.9912927530228102
2019-12-02,1,0.0,0.0,-1.0,0.9991000000000001
2019-12-03,0,0.0,0.0,0.0,1.0
2019-12-04,0,0.0,-0.0,0.0,1.0
2019-12-05,0,0.0,0.0,0.0,1.0
2019-12-06,0,0.0,0.0,0.0,1.0
2019-12-09,1,1.0,-0.0017783973411166119,1.0,0.9978216026588834
2019-12-10,0,1.0,0.0012655790730211635,0.0,1.0012655790730212
2019-12-11,0,1.0,0.000607633102415634,0.0,1.0006076331024156
2019-12-12,0,1.0,-0.003005572993402093,0.0,0.9969944270065979
2019-12-13,0,1.0,0.019840555946769697,0.0,1.0198405559467696
2019-12-16,1,1.0,0.004871201697486627,0.0,1.0048712016974866
2019-12-17,0,1.0,0.013604845080312473,0.0,1.0136048450803126
2019-12-18,0,1.0,-0.00223167895492107,0.0,0.997768321045079
2019-12-19,0,1.0,-0.0013960592940850006,0.0,0.998603940705915
2019-12-20,0,1.0,-0.002458314192418979,0.0,0.9975416858075811
2019-12-23,1,1.0,-0.012483664198145521,0.0,0.9875163358018545
2019-12-24,0,1.0,0.0065186156134204145,0.0,1.0065186156134205
2019-12-25,0,1.0,-0.0005234212213496116,0.0,0.9994765787786504
2019-12-26,0,1.0,0.008800086196744042,0.0,1.008800086196744
2019-12-27,0,1.0,-0.000983609000519023,0.0,0.999016390999481
2019-12-30,1,0.0,0.0,-1.0,0.9991000000000001
2019-12-31,0,0.0,0.0,0.0,1.0
2020-01-02,0,0.0,0.0,0.0,1.0
2020-01-03,0,0.0,-0.0,0.0,1.0
2020-01-06,1,0.0,-0.0,0.0,1.0
2020-01-07,0,0.0,0.0,0.0,1.0
2020-01-08,0,0.0,-0.0,0.0,1.0
2020-01-09,0,0.0,0.0,0.0,1.0
2020-01-10,0,0.0,-0.0,0.0,1.0
2020-01-13,1,0.0,0.0,0.0,1.0
2020-01-14,0,0.0,-0.0,0.0,1.0
2020-01-15,0,0.0,-0.0,0.0,1.0
2020-01-16,0,0.0,-0.0,0.0,1.0
2020-01-17,0,0.0,0.0,0.0,1.0
2020-01-20,1,0.0,0.0,0.0,1.0
2020-01-21,0,0.0,-0.0,0.0,1.0
2020-01-22,0,0.0,0.0,0.0,1.0
2020-01-23,0,0.0,-0.0,0.0,1.0
2020-02-03,1,0.0,-0.0,0.0,1.0
2020-02-04,0,0.0,0.0,0.0,1.0
2020-02-05,0,0.0,0.0,0.0,1.0
2020-02-06,0,0.0,0.0,0.0,1.0
2020-02-07,0,0.0,0.0,0.0,1.0
2020-02-10,1,1.0,0.004138599491778015,1.0,1.003738599491778
2020-02-11,0,1.0,0.009307943544577214,0.0,1.0093079435445773
2020-02-12,0,1.0,0.00808863340805468,0.0,1.0080886334080548
2020-02-13,0,1.0,-0.006151444497707267,0.0,0.9938485555022928
2020-02-14,0,1.0,0.007022869148871681,0.0,1.0070228691488716
2020-02-17,1,0.0,0.0,-1.0,0.9991000000000001
2020-02-18,0,0.0,-0.0,0.0,1.0
2020-02-19,0,0.0,-0.0,0.0,1.0
2020-02-20,0,0.0,0.0,0.0,1.0
2020-02-21,0,0.0,0.0,0.0,1.0
2020-02-24,1,0.0,-0.0,0.0,1.0
2020-02-25,0,0.0,-0.0,0.0,1.0
2020-02-26,0,0.0,-0.0,0.0,1.0
2020-02-27,0,0.0,0.0,0.0,1.0
2020-02-28,0,0.0,-0.0,0.0,1.0
2020-03-02,1,1.0,0.03289805966929351,1.0,1.0324980596692936
2020-03-03,0,1.0,0.005329670464681425,0.0,1.0053296704646815
2020-03-04,0,1.0,0.005790250674592325,0.0,1.0057902506745924
2020-03-05,0,1.0,0.02227919466349118,0.0,1.0222791946634913
2020-03-06,0,1.0,-0.016216871536799213,0.0,0.9837831284632008
2020-03-09,1,0.0,-0.0,-1.0,0.9991000000000001
2020-03-10,0,0.0,0.0,0.0,1.0
2020-03-11,0,0.0,-0.0,0.0,1.0
2020-03-12,0,0.0,-0.0,0.0,1.0
2020-03-13,0,0.0,-0.0,0.0,1.0
2020-03-16,1,0.0,-0.0,0.0,1.0
2020-03-17,0,0.0,-0.0,0.0,1.0
2020-03-18,0,0.0,-0.0,0.0,1.0
2020-03-19,0,0.0,-0.0,0.0,1.0
2020-03-20,0,0.0,0.0,0.0,1.0
2020-03-23,1,1.0,-0.033644291884967197,1.0,0.9659557081150328
2020-03-24,0,1.0,0.02685316586928632,0.0,1.0268531658692863
2020-03-25,0,1.0,0.026870908744838048,0.0,1.026870908744838
2020-03-26,0,1.0,-0.006573503970428581,0.0,0.9934264960295714
2020-03-27,0,1.0,0.0032476575492488644,0.0,1.0032476575492488
2020-03-30,1,1.0,-0.009689870244686021,0.0,0.990310129755314
2020-03-31,0,1.0,0.003279705833521513,0.0,1.0032797058335214
2020-04-01,0,1.0,-0.003005838053692712,0.0,0.9969941619463073
2020-04-02,0,1.0,0.01617651860639776,0.0,1.0161765186063978
2020-04-03,0,1.0,-0.0057062066712545885,0.0,0.9942937933287455
2020-04-07,1,1.0,0.02283732178540463,0.0,1.0228373217854045
2020-04-08,0,1.0,-0.004655057108703966,0.0,0.995344942891296
2020-04-09,0,1.0,0.003298645095414645,0.0,1.0032986450954147
2020-04-10,0,1.0,-0.0062302092643713,0.0,0.9937697907356287
2020-04-13,1,1.0,-0.004223730360449652,0.0,0.9957762696395503
2020-04-14,0,1.0,0.019300554717765248,0.0,1.0193005547177652
2020-04-15,0,1.0,-0.0074077946519590385,0.0,0.9925922053480409
2020-04-16,0,1.0,0.0013219710535740572,0.0,1.0013219710535741
2020-04-17,0,1.0,0.00975967683398284,0.0,1.009759676833983
2020-04-20,1,1.0,0.003638504072155483,0.0,1.0036385040721554
2020-04-21,0,1.0,-0.011784214705744929,0.0,0.988215785294255
2020-04-22,0,1.0,0.008227307939759175,0.0,1.0082273079397592
2020-04-23,0,1.0,-0.002508217472612794,0.0,0.9974917825273872
2020-04-24,0,1.0,-0.008559305437691808,0.0,0.9914406945623082
2020-04-27,1,0.0,0.0,-1.0,0.9991000000000001
2020-04-28,0,0.0,0.0,0.0,1.0
2020-04-29,0,0.0,0.0,0.0,1.0
2020-04-30,0,0.0,0.0,0.0,1.0
2020-05-06,1,0.0,0.0,0.0,1.0
2020-05-07,0,0.0,-0.0,0.0,1.0
2020-05-08,0,0.0,0.0,0.0,1.0
2020-05-11,1,0.0,-0.0,0.0,1.0
2020-05-12,0,0.0,0.0,0.0,1.0
2020-05-13,0,0.0,0.0,0.0,1.0
2020-05-14,0,0.0,-0.0,0.0,1.0
2020-05-15,0,0.0,-0.0,0.0,1.0
2020-05-18,1,0.0,0.0,0.0,1.0
2020-05-19,0,0.0,0.0,0.0,1.0
2020-05-20,0,0.0,-0.0,0.0,1.0
2020-05-21,0,0.0,-0.0,0.0,1.0
2020-05-22,0,0.0,-0.0,0.0,1.0
2020-05-25,1,0.0,0.0,0.0,1.0
2020-05-26,0,0.0,0.0,0.0,1.0
2020-05-27,0,0.0,-0.0,0.0,1.0
2020-05-28,0,0.0,0.0,0.0,1.0
2020-05-29,0,0.0,0.0,0.0,1.0
2020-06-01,1,0.0,0.0,0.0,1.0
2020-06-02,0,0.0,0.0,0.0,1.0
2020-06-03,0,0.0,0.0,0.0,1.0
2020-06-04,0,0.0,-0.0,0.0,1.0
2020-06-05,0,0.0,0.0,0.0,1.0
2020-06-08,1,0.0,0.0,0.0,1.0
2020-06-09,0,0.0,0.0,0.0,1.0
2020-06-10,0,0.0,-0.0,0.0,1.0
2020-06-11,0,0.0,-0.0,0.0,1.0
2020-06-12,0,0.0,0.0,0.0,1.0
2020-06-15,1,1.0,-0.01201324979765584,1.0,0.9875867502023442
2020-06-16,0,1.0,0.01506451343745506,0.0,1.015064513437455
2020-06-17,0,1.0,0.0007522598933385099,0.0,1.0007522598933385
2020-06-18,0,1.0,0.006668176692992556,0.0,1.0066681766929926
2020-06-19,0,1.0,0.013433455807812304,0.0,1.0134334558078124
2020-06-22,1,1.0,0.0008148905387305142,0.0,1.0008148905387304
2020-06-23,0,1.0,0.0048122280323252475,0.0,1.0048122280323253
2020-06-24,0,1.0,0.004172944279063178,0.0,1.0041729442790632
2020-06-29,1,1.0,-0.007071773548619235,0.0,0.9929282264513808
2020-06-30,0,1.0,0.013197979424388955,0.0,1.013197979424389
2020-07-01,0,1.0,0.02012987636768838,0.0,1.0201298763676885
2020-07-02,0,1.0,0.020730828809401712,0.0,1.0207308288094017
2020-07-03,0,1.0,0.019318056016827238,0.0,1.0193180560168273
2020-07-06,1,1.0,0.056677074848402516,0.0,1.0566770748484025
2020-07-07,0,1.0,0.006004166943249479,0.0,1.0060041669432496
2020-07-08,0,1.0,0.01614897842333011,0.0,1.0161489784233302
2020-07-09,0,1.0,0.013986175115207465,0.0,1.0139861751152075
2020-07-10,0,1.0,-0.018104557745978495,0.0,0.9818954422540215
2020-07-13,1,0.0,0.0,-1.0,0.9991000000000001
2020-07-14,0,0.0,-0.0,0.0,1.0
2020-07-15,0,0.0,-0.0,0.0,1.0
2020-07-16,0,0.0,-0.0,0.0,1.0
2020-07-17,0,0.0,0.0,0.0,1.0
2020-07-20,1,1.0,0.029836952934187155,1.0,1.0294369529341871
2020-07-21,0,1.0,0.0022947246971347524,0.0,1.0022947246971348
2020-07-22,0,1.0,0.004990364609979846,0.0,1.0049903646099798
2020-07-23,0,1.0,-0.0004263487787547261,0.0,0.9995736512212453
2020-07-24,0,1.0,-0.04389445807267561,0.0,0.9561055419273243
2020-07-27,1,1.0,0.005073697340414834,0.0,1.0050736973404149
2020-07-28,0,1.0,0.008791087458181144,0.0,1.0087910874581811
2020-07-29,0,1.0,0.02424336618318572,0.0,1.0242433661831858
2020-07-30,0,1.0,-0.004885648887264738,0.0,0.9951143511127353
2020-07-31,0,1.0,0.008354541842509488,0.0,1.0083545418425095
2020-08-03,1,1.0,0.016242638523551445,0.0,1.0162426385235515
2020-08-04,0,1.0,0.0009410413492310877,0.0,1.000941041349231
2020-08-05,0,1.0,0.00027429959378522773,0.0,1.0002742995937852
2020-08-06,0,1.0,-0.0030039082206604947,0.0,0.9969960917793395
2020-08-07,0,1.0,-0.011512232403060395,0.0,0.9884877675969396
2020-08-10,1,1.0,0.0035981843400389553,0.0,1.003598184340039
2020-08-11,0,1.0,-0.009119827635469367,0.0,0.9908801723645306
2020-08-12,0,1.0,-0.007292098304490903,0.0,0.992707901695509
2020-08-13,0,1.0,-0.002566894165641119,0.0,0.9974331058343588
2020-08-14,0,1.0,0.014867194022059204,0.0,1.0148671940220593
2020-08-17,1,1.0,0.02350875626776164,0.0,1.0235087562677616
2020-08-18,0,1.0,-0.0005129557674294573,0.0,0.9994870442325705
2020-08-19,0,1.0,-0.014976853198580425,0.0,0.9850231468014196
2020-08-20,0,1.0,-0.012979150670368101,0.0,0.9870208493296319
2020-08-21,0,1.0,0.008482309821228324,0.0,1.0084823098212283
2020-08-24,1,1.0,0.007843029219045405,0.0,1.0078430292190454
2020-08-25,0,1.0,0.0012826308651449172,0.0,1.001282630865145
2020-08-26,0,1.0,-0.011722088640157858,0.0,0.9882779113598421
2020-08-27,0,1.0,0.005358967984309879,0.0,1.0053589679843098
2020-08-28,0,1.0,0.023866338360087516,0.0,1.0238663383600874
2020-08-31,1,1.0,-0.005790346120261707,0.0,0.9942096538797383
2020-09-01,0,1.0,0.0053776613194579225,0.0,1.0053776613194578
2020-09-02,0,1.0,0.0003655423657407162,0.0,1.0003655423657407
2020-09-03,0,1.0,-0.005530678855217596,0.0,0.9944693211447824
2020-09-04,0,1.0,-0.009731996429386998,0.0,0.990268003570613
2020-09-07,1,1.0,-0.02114158256851893,0.0,0.978858417431481
2020-09-08,0,1.0,0.005358324570552438,0.0,1.0053583245705524
2020-09-09,0,1.0,-0.023389620376662392,0.0,0.9766103796233376
2020-09-10,0,1.0,-0.0005692984541694202,0.0,0.9994307015458306
2020-09-11,0,1.0,0.00988655559386994,0.0,1.0098865555938699
2020-09-14,1,0.0,0.0,-1.0,0.9991000000000001
2020-09-15,0,0.0,0.0,0.0,1.0
2020-09-16,0,0.0,-0.0,0.0,1.0
2020-09-17,0,0.0,-0.0,0.0,1.0
2020-09-18,0,0.0,0.0,0.0,1.0
2020-09-21,1,0.0,-0.0,0.0,1.0
2020-09-22,0,0.0,-0.0,0.0,1.0
2020-09-23,0,0.0,0.0,0.0,1.0
2020-09-24,0,0.0,-0.0,0.0,1.0
2020-09-25,0,0.0,0.0,0.0,1.0
2020-09-28,1,0.0,0.0,0.0,1.0
2020-09-29,0,0.0,0.0,0.0,1.0
2020-09-30,0,0.0,-0.0,0.0,1.0
2020-10-09,1,1.0,0.020434232898809936,1.0,1.02003423289881
2020-10-12,1,1.0,0.030338763634499187,0.0,1.0303387636344992
2020-10-13,0,1.0,0.003325620547524852,0.0,1.003325620547525
2020-10-14,0,1.0,-0.006633327822780513,0.0,0.9933666721772195
2020-10-15,0,1.0,-0.0017390942564125109,0.0,0.9982609057435875
2020-10-16,0,1.0,-0.0014712195284594478,0.0,0.9985287804715406
2020-10-19,1,1.0,-0.007552674636035902,0.0,0.9924473253639641
2020-10-20,0,1.0,0.00798655869321573,0.0,1.0079865586932157
2020-10-21,0,1.0,-0.00013351496932291793,0.0,0.9998664850306771
2020-10-22,0,1.0,-0.0030983782024399708,0.0,0.99690162179756
2020-10-23,0,1.0,-0.01245086835859501,0.0,0.987549131641405
2020-10-26,1,1.0,-0.005775152644172182,0.0,0.9942248473558278
2020-10-27,0,1.0,0.0017138325901041012,0.0,1.001713832590104
2020-10-28,0,1.0,0.008084217156670957,0.0,1.0080842171566708
2020-10-29,0,1.0,0.007525431313815685,0.0,1.0075254313138158
2020-10-30,0,1.0,-0.01625629593624032,0.0,0.9837437040637597
2020-11-02,1,0.0,0.0,-1.0,0.9991000000000001
2020-11-03,0,0.0,0.0,0.0,1.0
2020-11-04,0,0.0,0.0,0.0,1.0
2020-11-05,0,0.0,0.0,0.0,1.0
2020-11-06,0,0.0,0.0,0.0,1.0
2020-11-09,1,1.0,0.01957336892003637,1.0,1.0191733689200364
2020-11-10,0,1.0,-0.005514569343651872,0.0,0.9944854306563481
2020-11-11,0,1.0,-0.009887199528450522,0.0,0.9901128004715495
2020-11-12,0,1.0,0.0007258048074375421,0.0,1.0007258048074374
2020-11-13,0,1.0,-0.010514499456041135,0.0,0.9894855005439589
2020-11-16,1,1.0,0.009742940383170102,0.0,1.0097429403831701
2020-11-17,0,1.0,-0.001912658003291099,0.0,0.9980873419967089
2020-11-18,0,1.0,-0.0006374124324025935,0.0,0.9993625875675974
2020-11-19,0,1.0,0.007424867172151782,0.0,1.0074248671721517
2020-11-20,0,1.0,0.003104714092358179,0.0,1.0031047140923581
2020-11-23,1,0.0,0.0,-1.0,0.9991000000000001
2020-11-24,0,0.0,-0.0,0.0,1.0
2020-11-25,0,0.0,-0.0,0.0,1.0
2020-11-26,0,0.0,0.0,0.0,1.0
2020-11-27,0,0.0,0.0,0.0,1.0
2020-11-30,1,1.0,-0.004119844923576161,1.0,0.9954801550764238
2020-12-01,0,1.0,0.021541252961040345,0.0,1.0215412529610404
2020-12-02,0,1.0,7.894061692084944e-06,0.0,1.000007894061692
2020-12-03,0,1.0,-0.001989287842846246,0.0,0.9980107121571538
2020-12-04,0,1.0,0.0017520061063146714,0.0,1.0017520061063148
2020-12-07,1,1.0,-0.008624297264860185,0.0,0.9913757027351399
2020-12-08,0,1.0,-0.0024590669881704853,0.0,0.9975409330118296
2020-12-09,0,1.0,-0.01340950282242295,0.0,0.9865904971775771
2020-12-10,0,1.0,-0.00044105448439099717,0.0,0.999558945515609
2020-12-11,0,1.0,-0.010300535166338831,0.0,0.9896994648336612
2020-12-14,1,1.0,0.009244053231021532,0.0,1.0092440532310216
2020-12-15,0,1.0,0.002081125388311337,0.0,1.0020811253883113
2020-12-16,0,1.0,0.0017734727305816923,0.0,1.0017734727305816
2020-12-17,0,1.0,0.012840466140613233,0.0,1.0128404661406132
2020-12-18,0,1.0,-0.0034897996603871486,0.0,0.9965102003396129
2020-12-21,1,1.0,0.009374056244337443,0.0,1.0093740562443374
2020-12-22,0,1.0,-0.016261660761981697,0.0,0.9837383392380183
2020-12-23,0,1.0,0.008530103106488206,0.0,1.0085301031064882
2020-12-24,0,1.0,-0.0014179807953473163,0.0,0.9985820192046527
2020-12-25,0,1.0,0.008397966408134323,0.0,1.0083979664081344
2020-12-28,1,0.0,0.0,-1.0,0.9991000000000001
2020-12-29,0,0.0,-0.0,0.0,1.0
2020-12-30,0,0.0,0.0,0.0,1.0
2020-12-31,0,0.0,0.0,0.0,1.0
2021-01-04,1,0.0,0.0,0.0,1.0
2021-01-05,0,0.0,0.0,0.0,1.0
2021-01-06,0,0.0,0.0,0.0,1.0
2021-01-07,0,0.0,0.0,0.0,1.0
2021-01-08,0,0.0,-0.0,0.0,1.0
2021-01-11,1,1.0,-0.009875478352012568,1.0,0.9897245216479875
2021-01-12,0,1.0,0.02852149174073185,0.0,1.028521491740732
2021-01-13,0,1.0,-0.003284283506213891,0.0,0.9967157164937861
2021-01-14,0,1.0,-0.019274036970439105,0.0,0.9807259630295609
2021-01-15,0,1.0,-0.0022630638008504056,0.0,0.9977369361991496
2021-01-18,1,1.0,0.011073491044469943,0.0,1.0110734910444699
2021-01-19,0,1.0,-0.0146778484086313,0.0,0.9853221515913687
2021-01-20,0,1.0,0.007155835748650093,0.0,1.00715583574865
2021-01-21,0,1.0,0.016167466762105964,0.0,1.016167466762106
2021-01-22,0,1.0,0.0008643352974049259,0.0,1.000864335297405
2021-01-25,1,0.0,0.0,-1.0,0.9991000000000001
2021-01-26,0,0.0,-0.0,0.0,1.0
2021-01-27,0,0.0,0.0,0.0,1.0
2021-01-28,0,0.0,-0.0,0.0,1.0
2021-01-29,0,0.0,-0.0,0.0,1.0
2021-02-01,1,1.0,0.012274008026965747,1.0,1.0118740080269657
2021-02-02,0,1.0,0.015401511725563762,0.0,1.0154015117255637
2021-02-03,0,1.0,-0.0028885184572512586,0.0,0.9971114815427488
2021-02-04,0,1.0,-0.0020509735287683223,0.0,0.9979490264712316
2021-02-05,0,1.0,0.0017281853140785057,0.0,1.0017281853140785
2021-02-08,1,1.0,0.014799185178565993,0.0,1.014799185178566
2021-02-09,0,1.0,0.021868755121698676,0.0,1.0218687551216987
2021-02-10,0,1.0,0.021362057595075885,0.0,1.021362057595076
2021-02-18,1,0.0,-0.0,-1.0,0.9991000000000001
2021-02-19,0,0.0,0.0,0.0,1.0
2021-02-22,1,0.0,-0.0,0.0,1.0
2021-02-23,0,0.0,-0.0,0.0,1.0
2021-02-24,0,0.0,-0.0,0.0,1.0
2021-02-25,0,0.0,0.0,0.0,1.0
2021-02-26,0,0.0,-0.0,0.0,1.0
2021-03-01,1,0.0,0.0,0.0,1.0
2021-03-02,0,0.0,-0.0,0.0,1.0
2021-03-03,0,0.0,0.0,0.0,1.0
2021-03-04,0,0.0,-0.0,0.0,1.0
2021-03-05,0,0.0,-0.0,0.0,1.0
2021-03-08,1,0.0,-0.0,0.0,1.0
2021-03-09,0,0.0,-0.0,0.0,1.0
2021-03-10,0,0.0,0.0,0.0,1.0
2021-03-11,0,0.0,0.0,0.0,1.0
2021-03-12,0,0.0,0.0,0.0,1.0
2021-03-15,1,0.0,-0.0,0.0,1.0
2021-03-16,0,0.0,0.0,0.0,1.0
2021-03-17,0,0.0,0.0,0.0,1.0
2021-03-18,0,0.0,0.0,0.0,1.0
2021-03-19,0,0.0,-0.0,0.0,1.0
2021-03-22,1,0.0,0.0,0.0,1.0
2021-03-23,0,0.0,-0.0,0.0,1.0
2021-03-24,0,0.0,-0.0,0.0,1.0
2021-03-25,0,0.0,-0.0,0.0,1.0
2021-03-26,0,0.0,0.0,0.0,1.0
2021-03-29,1,1.0,0.001764592625233541,1.0,1.0013645926252337
2021-03-30,0,1.0,0.009481105158038124,0.0,1.0094811051580381
2021-03-31,0,1.0,-0.00910156180994869,0.0,0.9908984381900513
2021-04-01,0,1.0,0.012364411412815267,0.0,1.0123644114128152
2021-04-02,0,1.0,0.00993586106230373,0.0,1.0099358610623037
2021-04-06,1,1.0,-0.004111160191880023,0.0,0.9958888398081199
2021-04-07,0,1.0,-0.007120151585303766,0.0,0.9928798484146962
2021-04-08,0,1.0,0.0016595672977072215,0.0,1.0016595672977073
2021-04-09,0,1.0,-0.015036549750499274,0.0,0.9849634502495007
2021-04-12,1,1.0,-0.017395051774060966,0.0,0.982604948225939
2021-04-13,0,1.0,-0.0016391288969733056,0.0,0.9983608711030267
2021-04-14,0,1.0,0.00829817557554797,0.0,1.008298175575548
2021-04-15,0,1.0,-0.006356625567448266,0.0,0.9936433744325517
2021-04-16,0,1.0,0.0034774912759624804,0.0,1.0034774912759625
2021-04-19,1,1.0,0.02433258560905971,0.0,1.0243325856090597
2021-04-20,0,1.0,-0.0007175124139477623,0.0,0.9992824875860522
2021-04-21,0,1.0,0.003025551946838438,0.0,1.0030255519468385
2021-04-22,0,1.0,-0.0018651630301544924,0.0,0.9981348369698455
2021-04-23,0,1.0,0.009079941209296484,0.0,1.0090799412092966
2021-04-26,1,0.0,-0.0,-1.0,0.9991000000000001
2021-04-27,0,0.0,0.0,0.0,1.0
2021-04-28,0,0.0,0.0,0.0,1.0
2021-04-29,0,0.0,0.0,0.0,1.0
2021-04-30,0,0.0,-0.0,0.0,1.0
2021-05-06,1,1.0,-0.012173342780019069,1.0,0.987426657219981
2021-05-07,0,1.0,-0.012856838012139549,0.0,0.9871431619878605
2021-05-10,1,1.0,-0.0007265739934548512,0.0,0.9992734260065451
2021-05-11,0,1.0,0.0061373041530961596,0.0,1.006137304153096
2021-05-12,0,1.0,0.00427826862510099,0.0,1.004278268625101
2021-05-13,0,1.0,-0.010224896175080022,0.0,0.98977510382492
2021-05-14,0,1.0,0.023557121312565443,0.0,1.0235571213125654
2021-05-17,1,1.0,0.014558006022787904,0.0,1.014558006022788
2021-05-18,0,1.0,0.0005033760913715517,0.0,1.0005033760913715
2021-05-19,0,1.0,-0.0029551237566504598,0.0,0.9970448762433496
2021-05-20,0,1.0,0.0027338093332326843,0.0,1.0027338093332328
2021-05-21,0,1.0,-0.010076334111649526,0.0,0.9899236658883505
2021-05-24,1,1.0,0.004175959019506736,0.0,1.0041759590195067
2021-05-25,0,1.0,0.031594832017285975,0.0,1.031594832017286
2021-05-26,0,1.0,0.0003967298927514219,0.0,1.0003967298927514
2021-05-27,0,1.0,0.0033154217859296463,0.0,1.0033154217859297
2021-05-28,0,1.0,-0.0032108020823380444,0.0,0.996789197917662
2021-05-31,1,1.0,0.001969521282293583,0.0,1.0019695212822937
2021-06-01,0,1.0,0.001896251948300516,0.0,1.0018962519483006
2021-06-02,0,1.0,-0.009680475056536526,0.0,0.9903195249434634
2021-06-03,0,1.0,-0.006555802773928829,0.0,0.9934441972260711
2021-06-04,0,1.0,0.005135777473745461,0.0,1.0051357774737455
2021-06-07,1,1.0,-0.0008803016879074257,0.0,0.9991196983120926
2021-06-08,0,1.0,-0.00862318881770799,0.0,0.991376811182292
2021-06-09,0,1.0,0.0008275804071771916,0.0,1.0008275804071771
2021-06-10,0,1.0,0.006687736921005727,0.0,1.0066877369210057
2021-06-11,0,1.0,-0.00887228799556868,0.0,0.9911277120044313
2021-06-15,1,1.0,-0.011127911650429579,0.0,0.9888720883495704
2021-06-16,0,1.0,-0.01665905360626812,0.0,0.9833409463937319
2021-06-17,0,1.0,0.004212192131074079,0.0,1.004212192131074
2021-06-18,0,1.0,0.00011368336048012152,0.0,1.0001136833604802
2021-06-21,1,1.0,-0.002367480847511093,0.0,0.997632519152489
2021-06-22,0,1.0,0.006241172090939893,0.0,1.0062411720909399
2021-06-23,0,1.0,0.004925656363721647,0.0,1.0049256563637217
2021-06-24,0,1.0,0.0016668641777677477,0.0,1.0016668641777677
2021-06-25,0,1.0,0.01629179378468067,0.0,1.0162917937846807
2021-06-28,1,0.0,0.0,-1.0,0.9991000000000001
2021-06-29,0,0.0,-0.0,0.0,1.0
2021-06-30,0,0.0,0.0,0.0,1.0
2021-07-01,0,0.0,0.0,0.0,1.0
2021-07-02,0,0.0,-0.0,0.0,1.0
2021-07-05,1,1.0,0.0009190887048524878,1.0,1.0005190887048525
2021-07-06,0,1.0,-0.0005289247098286795,0.0,0.9994710752901713
2021-07-07,0,1.0,0.011290354311345323,0.0,1.0112903543113454
2021-07-08,0,1.0,-0.010160509990292669,0.0,0.9898394900097073
2021-07-09,0,1.0,-0.0036987103646434374,0.0,0.9963012896353566
2021-07-12,1,1.0,0.012480668476202586,0.0,1.0124806684762027
2021-07-13,0,1.0,0.0018294429258618405,0.0,1.0018294429258618
2021-07-14,0,1.0,-0.011477800898465692,0.0,0.9885221991015343
2021-07-15,0,1.0,0.013452473697049843,0.0,1.0134524736970498
2021-07-16,0,1.0,-0.011004647226223168,0.0,0.9889953527737768
2021-07-19,1,1.0,0.0036743562516069112,0.0,1.0036743562516068
2021-07-20,0,1.0,-0.0008800251882765001,0.0,0.9991199748117235
2021-07-21,0,1.0,0.006860455784802903,0.0,1.0068604557848029
2021-07-22,0,1.0,0.001498821937621021,0.0,1.001498821937621
2021-07-23,0,1.0,-0.01213568204978899,0.0,0.987864317950211
2021-07-26,1,0.0,-0.0,-1.0,0.9991000000000001
2021-07-27,0,0.0,-0.0,0.0,1.0
2021-07-28,0,0.0,0.0,0.0,1.0
2021-07-29,0,0.0,0.0,0.0,1.0
2021-07-30,0,0.0,-0.0,0.0,1.0
2021-08-02,1,1.0,0.025476131585456283,1.0,1.0250761315854564
2021-08-03,0,1.0,0.00014593391625830602,0.0,1.0001459339162584
2021-08-04,0,1.0,0.008995918499694056,0.0,1.0089959184996942
2021-08-05,0,1.0,-0.006061640740331661,0.0,0.9939383592596683
2021-08-06,0,1.0,-0.00547823960781375,0.0,0.9945217603921862
2021-08-09,1,0.0,0.0,-1.0,0.9991000000000001
2021-08-10,0,0.0,0.0,0.0,1.0
2021-08-11,0,0.0,-0.0,0.0,1.0
2021-08-12,0,0.0,-0.0,0.0,1.0
2021-08-13,0,0.0,-0.0,0.0,1.0
2021-08-16,1,0.0,-0.0,0.0,1.0
2021-08-17,0,0.0,-0.0,0.0,1.0
2021-08-18,0,0.0,0.0,0.0,1.0
2021-08-19,0,0.0,-0.0,0.0,1.0
2021-08-20,0,0.0,-0.0,0.0,1.0
2021-08-23,1,1.0,0.013966498017516238,1.0,1.0135664980175163
2021-08-24,0,1.0,0.010858416668734588,0.0,1.0108584166687347
2021-08-25,0,1.0,0.0019986130402851504,0.0,1.0019986130402851
2021-08-26,0,1.0,-0.019711483495843375,0.0,0.9802885165041566
2021-08-27,0,1.0,0.0052961402529568815,0.0,1.0052961402529568
2021-08-30,1,0.0,-0.0,-1.0,0.9991000000000001
2021-08-31,0,0.0,-0.0,0.0,1.0
2021-09-01,0,0.0,0.0,0.0,1.0
2021-09-02,0,0.0,-0.0,0.0,1.0
2021-09-03,0,0.0,-0.0,0.0,1.0
2021-09-06,1,1.0,0.018721634668990093,1.0,1.01832163466899
2021-09-07,0,1.0,0.011978766572147314,0.0,1.0119787665721474
2021-09-08,0,1.0,-0.004145945285539427,0.0,0.9958540547144605
2021-09-09,0,1.0,-0.00042637662329824257,0.0,0.9995736233767017
2021-09-10,0,1.0,0.00875450954827057,0.0,1.0087545095482706
2021-09-13,1,1.0,-0.004360209992181258,0.0,0.9956397900078188
2021-09-14,0,1.0,-0.0149248947244003,0.0,0.9850751052755997
2021-09-15,0,1.0,-0.010135932123420866,0.0,0.9898640678765791
2021-09-16,0,1.0,-0.012249040539763133,0.0,0.9877509594602368
2021-09-17,0,1.0,0.010033903945753642,0.0,1.0100339039457535
2021-09-22,1,1.0,-0.007036742628615503,0.0,0.9929632573713845
2021-09-23,0,1.0,0.006518353218838597,0.0,1.0065183532188386
2021-09-24,0,1.0,-0.0007768070551387801,0.0,0.9992231929448612
2021-09-27,1,1.0,0.005761501867229674,0.0,1.0057615018672297
2021-09-28,0,1.0,0.0013244843019906295,0.0,1.0013244843019906
2021-09-29,0,1.0,-0.010217390859223118,0.0,0.9897826091407769
2021-09-30,0,1.0,0.006712964399567188,0.0,1.0067129643995671
2021-10-08,1,0.0,0.0,-1.0,0.9991000000000001
2021-10-11,1,1.0,0.001267763907877175,1.0,1.0008677639078771
2021-10-12,0,1.0,-0.010605345418227309,0.0,0.9893946545817727
2021-10-13,0,1.0,0.011521671471628785,0.0,1.0115216714716289
2021-10-14,0,1.0,-0.005364253022705973,0.0,0.9946357469772941
2021-10-15,0,1.0,0.0037650525784504673,0.0,1.0037650525784505
2021-10-18,1,1.0,-0.011623828341217031,0.0,0.988376171658783
2021-10-19,0,1.0,0.00983428995770076,0.0,1.0098342899577009
2021-10-20,0,1.0,-0.0025473721844833674,0.0,0.9974526278155166
2021-10-21,0,1.0,0.003633268026834076,0.0,1.003633268026834
2021-10-22,0,1.0,0.006434632976327029,0.0,1.006434632976327
2021-10-25,1,1.0,0.003990136559853233,0.0,1.0039901365598531
2021-10-26,0,1.0,-0.0032975065869802855,0.0,0.9967024934130198
2021-10-27,0,1.0,-0.01308456408293214,0.0,0.9869154359170679
2021-10-28,0,1.0,-0.00694546523592523,0.0,0.9930545347640748
2021-10-29,0,1.0,0.00917531156586778,0.0,1.0091753115658677
