trade_date,Position_Changing,Factor
2014-01-02,0,
2014-01-03,0,
2014-01-06,0,
2014-01-07,0,
2014-01-08,0,
2014-01-09,0,
2014-01-10,0,
2014-01-13,0,
2014-01-14,0,
2014-01-15,0,
2014-01-16,0,
2014-01-17,0,
2014-01-20,0,
2014-01-21,0,
2014-01-22,0,
2014-01-23,0,
2014-01-24,0,
2014-01-27,0,
2014-01-28,0,
2014-01-29,0,
2014-01-30,0,
2014-02-07,0,
2014-02-10,0,
2014-02-11,0,
2014-02-12,0,
2014-02-13,0,
2014-02-14,0,
2014-02-17,0,
2014-02-18,0,
2014-02-19,0,
2014-02-20,0,
2014-02-21,0,
2014-02-24,0,
2014-02-25,0,
2014-02-26,0,
2014-02-27,0,
2014-02-28,0,
2014-03-03,0,
2014-03-04,0,
2014-03-05,0,
2014-03-06,0,
2014-03-07,0,
2014-03-10,1,-20.249141708193225
2014-03-11,0,
2014-03-12,0,
2014-03-13,0,
2014-03-14,0,
2014-03-17,1,-67.54034129625146
2014-03-18,0,
2014-03-19,0,
2014-03-20,0,
2014-03-21,0,
2014-03-24,1,-36.59809864663593
2014-03-25,0,
2014-03-26,0,
2014-03-27,0,
2014-03-28,0,
2014-03-31,1,-43.57314411535949
2014-04-01,0,
2014-04-02,0,
2014-04-03,0,
2014-04-04,0,
2014-04-08,1,-91.19348531007634
2014-04-09,0,
2014-04-10,0,
2014-04-11,0,
2014-04-14,1,-110.9578681424837
2014-04-15,0,
2014-04-16,0,
2014-04-17,0,
2014-04-18,0,
2014-04-21,1,-147.17585610289467
2014-04-22,0,
2014-04-23,0,
2014-04-24,0,
2014-04-25,0,
2014-04-28,1,-180.08413291411256
2014-04-29,0,
2014-04-30,0,
2014-05-05,1,-180.04183564321144
2014-05-06,0,
2014-05-07,0,
2014-05-08,0,
2014-05-09,0,
2014-05-12,1,-76.01874254407048
2014-05-13,0,
2014-05-14,0,
2014-05-15,0,
2014-05-16,0,
2014-05-19,1,-76.79453115202438
2014-05-20,0,
2014-05-21,0,
2014-05-22,0,
2014-05-23,0,
2014-05-26,1,110.52486626494496
2014-05-27,0,
2014-05-28,0,
2014-05-29,0,
2014-05-30,0,
2014-06-03,1,88.04291398792546
2014-06-04,0,
2014-06-05,0,
2014-06-06,0,
2014-06-09,1,8.030485864177741
2014-06-10,0,
2014-06-11,0,
2014-06-12,0,
2014-06-13,0,
2014-06-16,1,-93.03325497739067
2014-06-17,0,
2014-06-18,0,
2014-06-19,0,
2014-06-20,0,
2014-06-23,1,-92.26720491851914
2014-06-24,0,
2014-06-25,0,
2014-06-26,0,
2014-06-27,0,
2014-06-30,1,-148.0677198186945
2014-07-01,0,
2014-07-02,0,
2014-07-03,0,
2014-07-04,0,
2014-07-07,1,-110.31981056924991
2014-07-08,0,
2014-07-09,0,
2014-07-10,0,
2014-07-11,0,
2014-07-14,1,-51.955490179040176
2014-07-15,0,
2014-07-16,0,
2014-07-17,0,
2014-07-18,0,
2014-07-21,1,-86.66186942121129
2014-07-22,0,
2014-07-23,0,
2014-07-24,0,
2014-07-25,0,
2014-07-28,1,-232.01152872859166
2014-07-29,0,
2014-07-30,0,
2014-07-31,0,
2014-08-01,0,
2014-08-04,1,-137.18378420743085
2014-08-05,0,
2014-08-06,0,
2014-08-07,0,
2014-08-08,0,
2014-08-11,1,-90.4427737790196
2014-08-12,0,
2014-08-13,0,
2014-08-14,0,
2014-08-15,0,
2014-08-18,1,51.105530631637166
2014-08-19,0,
2014-08-20,0,
2014-08-21,0,
2014-08-22,0,
2014-08-25,1,193.96546944407527
2014-08-26,0,
2014-08-27,0,
2014-08-28,0,
2014-08-29,0,
2014-09-01,1,5.181915865093295
2014-09-02,0,
2014-09-03,0,
2014-09-04,0,
2014-09-05,0,
2014-09-09,1,256.6931129854703
2014-09-10,0,
2014-09-11,0,
2014-09-12,0,
2014-09-15,1,398.7802132025748
2014-09-16,0,
2014-09-17,0,
2014-09-18,0,
2014-09-19,0,
2014-09-22,1,422.32702296824584
2014-09-23,0,
2014-09-24,0,
2014-09-25,0,
2014-09-26,0,
2014-09-29,1,318.7087173895004
2014-09-30,0,
2014-10-08,1,341.8714927482195
2014-10-09,0,
2014-10-10,0,
2014-10-13,1,597.2861942660145
2014-10-14,0,
2014-10-15,0,
2014-10-16,0,
2014-10-17,0,
2014-10-20,1,487.2974818564632
2014-10-21,0,
2014-10-22,0,
2014-10-23,0,
2014-10-24,0,
2014-10-27,1,223.18212426857892
2014-10-28,0,
2014-10-29,0,
2014-10-30,0,
2014-10-31,0,
2014-11-03,1,201.1832906111859
2014-11-04,0,
2014-11-05,0,
2014-11-06,0,
2014-11-07,0,
2014-11-10,1,246.9786915578423
2014-11-11,0,
2014-11-12,0,
2014-11-13,0,
2014-11-14,0,
2014-11-17,1,415.66554330480494
2014-11-18,0,
2014-11-19,0,
2014-11-20,0,
2014-11-21,0,
2014-11-24,1,516.2843623090722
2014-11-25,0,
2014-11-26,0,
2014-11-27,0,
2014-11-28,0,
2014-12-01,1,990.647548887204
2014-12-02,0,
2014-12-03,0,
2014-12-04,0,
2014-12-05,0,
2014-12-08,1,1505.4582181789592
2014-12-09,0,
2014-12-10,0,
2014-12-11,0,
2014-12-12,0,
2014-12-15,1,2440.2555635810695
2014-12-16,0,
2014-12-17,0,
2014-12-18,0,
2014-12-19,0,
2014-12-22,1,3954.4723851830345
2014-12-23,0,
2014-12-24,0,
2014-12-25,0,
2014-12-26,0,
2014-12-29,1,3588.094180860917
2014-12-30,0,
2014-12-31,0,
2015-01-05,1,4059.002870516995
2015-01-06,0,
2015-01-07,0,
2015-01-08,0,
2015-01-09,0,
2015-01-12,1,4149.320671674669
2015-01-13,0,
2015-01-14,0,
2015-01-15,0,
2015-01-16,0,
2015-01-19,1,2808.0677251211973
2015-01-20,0,
2015-01-21,0,
2015-01-22,0,
2015-01-23,0,
2015-01-26,1,1413.3179849677967
2015-01-27,0,
2015-01-28,0,
2015-01-29,0,
2015-01-30,0,
2015-02-02,1,1064.337083894401
2015-02-03,0,
2015-02-04,0,
2015-02-05,0,
2015-02-06,0,
2015-02-09,1,505.0762568071383
2015-02-10,0,
2015-02-11,0,
2015-02-12,0,
2015-02-13,0,
2015-02-16,1,547.7561612940792
2015-02-17,0,
2015-02-25,1,630.1503784408676
2015-02-26,0,
2015-02-27,0,
2015-03-02,1,673.63377283802
2015-03-03,0,
2015-03-04,0,
2015-03-05,0,
2015-03-06,0,
2015-03-09,1,805.9375226897289
2015-03-10,0,
2015-03-11,0,
2015-03-12,0,
2015-03-13,0,
2015-03-16,1,832.0232106336844
2015-03-17,0,
2015-03-18,0,
2015-03-19,0,
2015-03-20,0,
2015-03-23,1,6131.233017493605
2015-03-24,0,
2015-03-25,0,
2015-03-26,0,
2015-03-27,0,
2015-03-30,1,7340.71494051141
2015-03-31,0,
2015-04-01,0,
2015-04-02,0,
2015-04-03,0,
2015-04-07,1,8353.501386839254
2015-04-08,0,
2015-04-09,0,
2015-04-10,0,
2015-04-13,1,11975.793130148933
2015-04-14,0,
2015-04-15,0,
2015-04-16,0,
2015-04-17,0,
2015-04-20,1,14818.684488433191
2015-04-21,0,
2015-04-22,0,
2015-04-23,0,
2015-04-24,0,
2015-04-27,1,16866.910230518428
2015-04-28,0,
2015-04-29,0,
2015-04-30,0,
2015-05-04,1,16384.998961583886
2015-05-05,0,
2015-05-06,0,
2015-05-07,0,
2015-05-08,0,
2015-05-11,1,5507.019321603484
2015-05-12,0,
2015-05-13,0,
2015-05-14,0,
2015-05-15,0,
2015-05-18,1,4553.408758409314
2015-05-19,0,
2015-05-20,0,
2015-05-21,0,
2015-05-22,0,
2015-05-25,1,3836.0618465340795
2015-05-26,0,
2015-05-27,0,
2015-05-28,0,
2015-05-29,0,
2015-06-01,1,3286.2088752800064
2015-06-02,0,
2015-06-03,0,
2015-06-04,0,
2015-06-05,0,
2015-06-08,1,3578.2500890052315
2015-06-09,0,
2015-06-10,0,
2015-06-11,0,
2015-06-12,0,
2015-06-15,1,6089.5248197012725
2015-06-16,0,
2015-06-17,0,
2015-06-18,0,
2015-06-19,0,
2015-06-23,1,1930.0623069562598
2015-06-24,0,
2015-06-25,0,
2015-06-26,0,
2015-06-29,1,1553.1856636917737
2015-06-30,0,
2015-07-01,0,
2015-07-02,0,
2015-07-03,0,
2015-07-06,1,954.4506393450004
2015-07-07,0,
2015-07-08,0,
2015-07-09,0,
2015-07-10,0,
2015-07-13,1,764.8536336651092
2015-07-14,0,
2015-07-15,0,
2015-07-16,0,
2015-07-17,0,
2015-07-20,1,1098.383137899495
2015-07-21,0,
2015-07-22,0,
2015-07-23,0,
2015-07-24,0,
2015-07-27,1,1727.0759878521471
2015-07-28,0,
2015-07-29,0,
2015-07-30,0,
2015-07-31,0,
2015-08-03,1,1196.4855827105407
2015-08-04,0,
2015-08-05,0,
2015-08-06,0,
2015-08-07,0,
2015-08-10,1,932.2070269078133
2015-08-11,0,
2015-08-12,0,
2015-08-13,0,
2015-08-14,0,
2015-08-17,1,1151.6820302112337
2015-08-18,0,
2015-08-19,0,
2015-08-20,0,
2015-08-21,0,
2015-08-24,1,924.5346910351786
2015-08-25,0,
2015-08-26,0,
2015-08-27,0,
2015-08-28,0,
2015-08-31,1,965.4003768273981
2015-09-01,0,
2015-09-02,0,
2015-09-07,1,590.3503834834459
2015-09-08,0,
2015-09-09,0,
2015-09-10,0,
2015-09-11,0,
2015-09-14,1,765.4434927477885
2015-09-15,0,
2015-09-16,0,
2015-09-17,0,
2015-09-18,0,
2015-09-21,1,893.6786206112295
2015-09-22,0,
2015-09-23,0,
2015-09-24,0,
2015-09-25,0,
2015-09-28,1,987.5379004041088
2015-09-29,0,
2015-09-30,0,
2015-10-08,1,1416.8416143372851
2015-10-09,0,
2015-10-12,1,1314.437818194383
2015-10-13,0,
2015-10-14,0,
2015-10-15,0,
2015-10-16,0,
2015-10-19,1,2551.338827810183
2015-10-20,0,
2015-10-21,0,
2015-10-22,0,
2015-10-23,0,
2015-10-26,1,3333.604586040966
2015-10-27,0,
2015-10-28,0,
2015-10-29,0,
2015-10-30,0,
2015-11-02,1,5038.633768064927
2015-11-03,0,
2015-11-04,0,
2015-11-05,0,
2015-11-06,0,
2015-11-09,1,8039.367456061253
2015-11-10,0,
2015-11-11,0,
2015-11-12,0,
2015-11-13,0,
2015-11-16,1,10586.015463182994
2015-11-17,0,
2015-11-18,0,
2015-11-19,0,
2015-11-20,0,
2015-11-23,1,6415.204157904589
2015-11-24,0,
2015-11-25,0,
2015-11-26,0,
2015-11-27,0,
2015-11-30,1,1570.3229504763826
2015-12-01,0,
2015-12-02,0,
2015-12-03,0,
2015-12-04,0,
2015-12-07,1,867.9415154099365
2015-12-08,0,
2015-12-09,0,
2015-12-10,0,
2015-12-11,0,
2015-12-14,1,347.61720071277495
2015-12-15,0,
2015-12-16,0,
2015-12-17,0,
2015-12-18,0,
2015-12-21,1,1068.9599224448489
2015-12-22,0,
2015-12-23,0,
2015-12-24,0,
2015-12-25,0,
2015-12-28,1,1346.097785227082
2015-12-29,0,
2015-12-30,0,
2015-12-31,0,
2016-01-04,1,1244.8498003938366
2016-01-05,0,
2016-01-06,0,
2016-01-07,0,
2016-01-08,0,
2016-01-11,1,479.4970390887312
2016-01-12,0,
2016-01-13,0,
2016-01-14,0,
2016-01-15,0,
2016-01-18,1,1737.5314740419599
2016-01-19,0,
2016-01-20,0,
2016-01-21,0,
2016-01-22,0,
2016-01-25,1,1530.0086046245588
2016-01-26,0,
2016-01-27,0,
2016-01-28,0,
2016-01-29,0,
2016-02-01,1,2694.3988661243907
2016-02-02,0,
2016-02-03,0,
2016-02-04,0,
2016-02-05,0,
2016-02-15,1,2036.285741117662
2016-02-16,0,
2016-02-17,0,
2016-02-18,0,
2016-02-19,0,
2016-02-22,1,1916.8481558059757
2016-02-23,0,
2016-02-24,0,
2016-02-25,0,
2016-02-26,0,
2016-02-29,1,1080.0063672962638
2016-03-01,0,
2016-03-02,0,
2016-03-03,0,
2016-03-04,0,
2016-03-07,1,827.1179236999001
2016-03-08,0,
2016-03-09,0,
2016-03-10,0,
2016-03-11,0,
2016-03-14,1,406.76132535686196
2016-03-15,0,
2016-03-16,0,
2016-03-17,0,
2016-03-18,0,
2016-03-21,1,1576.2169796189305
2016-03-22,0,
2016-03-23,0,
2016-03-24,0,
2016-03-25,0,
2016-03-28,1,2627.2402895464666
2016-03-29,0,
2016-03-30,0,
2016-03-31,0,
2016-04-01,0,
2016-04-05,1,1684.1864097054072
2016-04-06,0,
2016-04-07,0,
2016-04-08,0,
2016-04-11,1,5717.803845683836
2016-04-12,0,
2016-04-13,0,
2016-04-14,0,
2016-04-15,0,
2016-04-18,1,3781.8703354387453
2016-04-19,0,
2016-04-20,0,
2016-04-21,0,
2016-04-22,0,
2016-04-25,1,2332.3012496796464
2016-04-26,0,
2016-04-27,0,
2016-04-28,0,
2016-04-29,0,
2016-05-03,1,294.279069397608
2016-05-04,0,
2016-05-05,0,
2016-05-06,0,
2016-05-09,1,205.29800537174845
2016-05-10,0,
2016-05-11,0,
2016-05-12,0,
2016-05-13,0,
2016-05-16,1,387.63164534194874
2016-05-17,0,
2016-05-18,0,
2016-05-19,0,
2016-05-20,0,
2016-05-23,1,29.008983516378407
2016-05-24,0,
2016-05-25,0,
2016-05-26,0,
2016-05-27,0,
2016-05-30,1,1173.8796142653587
2016-05-31,0,
2016-06-01,0,
2016-06-02,0,
2016-06-03,0,
2016-06-06,1,609.3286739821718
2016-06-07,0,
2016-06-08,0,
2016-06-13,1,583.7421306732742
2016-06-14,0,
2016-06-15,0,
2016-06-16,0,
2016-06-17,0,
2016-06-20,1,778.3304767324576
2016-06-21,0,
2016-06-22,0,
2016-06-23,0,
2016-06-24,0,
2016-06-27,1,286.6000488675447
2016-06-28,0,
2016-06-29,0,
2016-06-30,0,
2016-07-01,0,
2016-07-04,1,597.8460517618666
2016-07-05,0,
2016-07-06,0,
2016-07-07,0,
2016-07-08,0,
2016-07-11,1,1071.9361902965338
2016-07-12,0,
2016-07-13,0,
2016-07-14,0,
2016-07-15,0,
2016-07-18,1,2159.956872265113
2016-07-19,0,
2016-07-20,0,
2016-07-21,0,
2016-07-22,0,
2016-07-25,1,5976.044332972559
2016-07-26,0,
2016-07-27,0,
2016-07-28,0,
2016-07-29,0,
2016-08-01,1,3492.222955722328
2016-08-02,0,
2016-08-03,0,
2016-08-04,0,
2016-08-05,0,
2016-08-08,1,679.9387411058675
2016-08-09,0,
2016-08-10,0,
2016-08-11,0,
2016-08-12,0,
2016-08-15,1,1064.098183237948
2016-08-16,0,
2016-08-17,0,
2016-08-18,0,
2016-08-19,0,
2016-08-22,1,3517.5343207290134
2016-08-23,0,
2016-08-24,0,
2016-08-25,0,
2016-08-26,0,
2016-08-29,1,2302.096421233526
2016-08-30,0,
2016-08-31,0,
2016-09-01,0,
2016-09-02,0,
2016-09-05,1,2394.4992047692654
2016-09-06,0,
2016-09-07,0,
2016-09-08,0,
2016-09-09,0,
2016-09-12,1,3031.356985751034
2016-09-13,0,
2016-09-14,0,
2016-09-19,1,459.0966070295916
2016-09-20,0,
2016-09-21,0,
2016-09-22,0,
2016-09-23,0,
2016-09-26,1,499.10966376505905
2016-09-27,0,
2016-09-28,0,
2016-09-29,0,
2016-09-30,0,
2016-10-10,1,1819.6073178356392
2016-10-11,0,
2016-10-12,0,
2016-10-13,0,
2016-10-14,0,
2016-10-17,1,662.1915747330368
2016-10-18,0,
2016-10-19,0,
2016-10-20,0,
2016-10-21,0,
2016-10-24,1,698.0262168040236
2016-10-25,0,
2016-10-26,0,
2016-10-27,0,
2016-10-28,0,
2016-10-31,1,1564.104510698653
2016-11-01,0,
2016-11-02,0,
2016-11-03,0,
2016-11-04,0,
2016-11-07,1,3585.4090977266605
2016-11-08,0,
2016-11-09,0,
2016-11-10,0,
2016-11-11,0,
2016-11-14,1,9862.047631602025
2016-11-15,0,
2016-11-16,0,
2016-11-17,0,
2016-11-18,0,
2016-11-21,1,8669.008855573058
2016-11-22,0,
2016-11-23,0,
2016-11-24,0,
2016-11-25,0,
2016-11-28,1,12863.462685758812
2016-11-29,0,
2016-11-30,0,
2016-12-01,0,
2016-12-02,0,
2016-12-05,1,11988.161403932001
2016-12-06,0,
2016-12-07,0,
2016-12-08,0,
2016-12-09,0,
2016-12-12,1,3419.8159018585156
2016-12-13,0,
2016-12-14,0,
2016-12-15,0,
2016-12-16,0,
2016-12-19,1,-525.7892188221141
2016-12-20,0,
2016-12-21,0,
2016-12-22,0,
2016-12-23,0,
2016-12-26,1,-119.39014552259596
2016-12-27,0,
2016-12-28,0,
2016-12-29,0,
2016-12-30,0,
2017-01-03,1,1089.5362264711075
2017-01-04,0,
2017-01-05,0,
2017-01-06,0,
2017-01-09,1,3320.0084797864556
2017-01-10,0,
2017-01-11,0,
2017-01-12,0,
2017-01-13,0,
2017-01-16,1,2406.5114729153197
2017-01-17,0,
2017-01-18,0,
2017-01-19,0,
2017-01-20,0,
2017-01-23,1,2370.255637810781
2017-01-24,0,
2017-01-25,0,
2017-01-26,0,
2017-02-03,1,1471.8012913460532
2017-02-06,1,1346.0388140229375
2017-02-07,0,
2017-02-08,0,
2017-02-09,0,
2017-02-10,0,
2017-02-13,1,4447.670306225962
2017-02-14,0,
2017-02-15,0,
2017-02-16,0,
2017-02-17,0,
2017-02-20,1,5346.396520086581
2017-02-21,0,
2017-02-22,0,
2017-02-23,0,
2017-02-24,0,
2017-02-27,1,8411.16581390418
2017-02-28,0,
2017-03-01,0,
2017-03-02,0,
2017-03-03,0,
2017-03-06,1,4234.571724240639
2017-03-07,0,
2017-03-08,0,
2017-03-09,0,
2017-03-10,0,
2017-03-13,1,1209.7652641050877
2017-03-14,0,
2017-03-15,0,
2017-03-16,0,
2017-03-17,0,
2017-03-20,1,2560.154226379315
2017-03-21,0,
2017-03-22,0,
2017-03-23,0,
2017-03-24,0,
2017-03-27,1,1090.1215264427815
2017-03-28,0,
2017-03-29,0,
2017-03-30,0,
2017-03-31,0,
2017-04-05,1,822.499149592769
2017-04-06,0,
2017-04-07,0,
2017-04-10,1,1738.6628825985576
2017-04-11,0,
2017-04-12,0,
2017-04-13,0,
2017-04-14,0,
2017-04-17,1,2081.6889989914466
2017-04-18,0,
2017-04-19,0,
2017-04-20,0,
2017-04-21,0,
2017-04-24,1,454.08370128761754
2017-04-25,0,
2017-04-26,0,
2017-04-27,0,
2017-04-28,0,
2017-05-02,1,142.27119491839886
2017-05-03,0,
2017-05-04,0,
2017-05-05,0,
2017-05-08,1,283.3953770205408
2017-05-09,0,
2017-05-10,0,
2017-05-11,0,
2017-05-12,0,
2017-05-15,1,1377.4457942589647
2017-05-16,0,
2017-05-17,0,
2017-05-18,0,
2017-05-19,0,
2017-05-22,1,1468.90739389551
2017-05-23,0,
2017-05-24,0,
2017-05-25,0,
2017-05-26,0,
2017-05-31,1,831.4802589931602
2017-06-01,0,
2017-06-02,0,
2017-06-05,1,1013.3244422978473
2017-06-06,0,
2017-06-07,0,
2017-06-08,0,
2017-06-09,0,
2017-06-12,1,3402.6724474881703
2017-06-13,0,
2017-06-14,0,
2017-06-15,0,
2017-06-16,0,
2017-06-19,1,5902.505116505632
2017-06-20,0,
2017-06-21,0,
2017-06-22,0,
2017-06-23,0,
2017-06-26,1,9544.204019276189
2017-06-27,0,
2017-06-28,0,
2017-06-29,0,
2017-06-30,0,
2017-07-03,1,8881.155768605555
2017-07-04,0,
2017-07-05,0,
2017-07-06,0,
2017-07-07,0,
2017-07-10,1,7020.999830844498
2017-07-11,0,
2017-07-12,0,
2017-07-13,0,
2017-07-14,0,
2017-07-17,1,8752.681478724748
2017-07-18,0,
2017-07-19,0,
2017-07-20,0,
2017-07-21,0,
2017-07-24,1,6926.603107593288
2017-07-25,0,
2017-07-26,0,
2017-07-27,0,
2017-07-28,0,
2017-07-31,1,6301.061346538312
2017-08-01,0,
2017-08-02,0,
2017-08-03,0,
2017-08-04,0,
2017-08-07,1,2345.1062455869164
2017-08-08,0,
2017-08-09,0,
2017-08-10,0,
2017-08-11,0,
2017-08-14,1,564.0213005166538
2017-08-15,0,
2017-08-16,0,
2017-08-17,0,
2017-08-18,0,
2017-08-21,1,1091.5865474843292
2017-08-22,0,
2017-08-23,0,
2017-08-24,0,
2017-08-25,0,
2017-08-28,1,2304.1328033545938
2017-08-29,0,
2017-08-30,0,
2017-08-31,0,
2017-09-01,0,
2017-09-04,1,2526.5682654892607
2017-09-05,0,
2017-09-06,0,
2017-09-07,0,
2017-09-08,0,
2017-09-11,1,2654.475996127531
2017-09-12,0,
2017-09-13,0,
2017-09-14,0,
2017-09-15,0,
2017-09-18,1,3972.4177832625815
2017-09-19,0,
2017-09-20,0,
2017-09-21,0,
2017-09-22,0,
2017-09-25,1,7525.8802393411
2017-09-26,0,
2017-09-27,0,
2017-09-28,0,
2017-09-29,0,
2017-10-09,1,4175.921314024432
2017-10-10,0,
2017-10-11,0,
2017-10-12,0,
2017-10-13,0,
2017-10-16,1,4211.355603744709
2017-10-17,0,
2017-10-18,0,
2017-10-19,0,
2017-10-20,0,
2017-10-23,1,5632.56205244521
2017-10-24,0,
2017-10-25,0,
2017-10-26,0,
2017-10-27,0,
2017-10-30,1,13887.442765995862
2017-10-31,0,
2017-11-01,0,
2017-11-02,0,
2017-11-03,0,
2017-11-06,1,10995.661055881606
2017-11-07,0,
2017-11-08,0,
2017-11-09,0,
2017-11-10,0,
2017-11-13,1,15657.720519689407
2017-11-14,0,
2017-11-15,0,
2017-11-16,0,
2017-11-17,0,
2017-11-20,1,14591.944156827043
2017-11-21,0,
2017-11-22,0,
2017-11-23,0,
2017-11-24,0,
2017-11-27,1,4269.6618497678455
2017-11-28,0,
2017-11-29,0,
2017-11-30,0,
2017-12-01,0,
2017-12-04,1,131.18323004379698
2017-12-05,0,
2017-12-06,0,
2017-12-07,0,
2017-12-08,0,
2017-12-11,1,-111.48896358008953
2017-12-12,0,
2017-12-13,0,
2017-12-14,0,
2017-12-15,0,
2017-12-18,1,157.0936932425343
2017-12-19,0,
2017-12-20,0,
2017-12-21,0,
2017-12-22,0,
2017-12-25,1,987.8686289463269
2017-12-26,0,
2017-12-27,0,
2017-12-28,0,
2017-12-29,0,
2018-01-02,1,1828.9164417759196
2018-01-03,0,
2018-01-04,0,
2018-01-05,0,
2018-01-08,1,1757.7283495530114
2018-01-09,0,
2018-01-10,0,
2018-01-11,0,
2018-01-12,0,
2018-01-15,1,6568.239473145335
2018-01-16,0,
2018-01-17,0,
2018-01-18,0,
2018-01-19,0,
2018-01-22,1,10029.26438568851
2018-01-23,0,
2018-01-24,0,
2018-01-25,0,
2018-01-26,0,
2018-01-29,1,15691.756020916237
2018-01-30,0,
2018-01-31,0,
2018-02-01,0,
2018-02-02,0,
2018-02-05,1,5094.591808289246
2018-02-06,0,
2018-02-07,0,
2018-02-08,0,
2018-02-09,0,
2018-02-12,1,-272.6041137730713
2018-02-13,0,
2018-02-14,0,
2018-02-22,1,593.3135006545832
2018-02-23,0,
2018-02-26,1,1300.8464368507116
2018-02-27,0,
2018-02-28,0,
2018-03-01,0,
2018-03-02,0,
2018-03-05,1,1898.4176227027588
2018-03-06,0,
2018-03-07,0,
2018-03-08,0,
2018-03-09,0,
2018-03-12,1,2219.82020644721
2018-03-13,0,
2018-03-14,0,
2018-03-15,0,
2018-03-16,0,
2018-03-19,1,1941.645596686945
2018-03-20,0,
2018-03-21,0,
2018-03-22,0,
2018-03-23,0,
2018-03-26,1,2368.5346703950268
2018-03-27,0,
2018-03-28,0,
2018-03-29,0,
2018-03-30,0,
2018-04-02,1,83.46801611353597
2018-04-03,0,
2018-04-04,0,
2018-04-09,1,1442.8717326049937
2018-04-10,0,
2018-04-11,0,
2018-04-12,0,
2018-04-13,0,
2018-04-16,1,1393.2810090186258
2018-04-17,0,
2018-04-18,0,
2018-04-19,0,
2018-04-20,0,
2018-04-23,1,3836.0207950496906
2018-04-24,0,
2018-04-25,0,
2018-04-26,0,
2018-04-27,0,
2018-05-02,1,2763.291229326429
2018-05-03,0,
2018-05-04,0,
2018-05-07,1,2664.895103233098
2018-05-08,0,
2018-05-09,0,
2018-05-10,0,
2018-05-11,0,
2018-05-14,1,1026.1134023399677
2018-05-15,0,
2018-05-16,0,
2018-05-17,0,
2018-05-18,0,
2018-05-21,1,965.9516821549822
2018-05-22,0,
2018-05-23,0,
2018-05-24,0,
2018-05-25,0,
2018-05-28,1,990.7343939341932
2018-05-29,0,
2018-05-30,0,
2018-05-31,0,
2018-06-01,0,
2018-06-04,1,297.08032913088755
2018-06-05,0,
2018-06-06,0,
2018-06-07,0,
2018-06-08,0,
2018-06-11,1,355.95650234355384
2018-06-12,0,
2018-06-13,0,
2018-06-14,0,
2018-06-15,0,
2018-06-19,1,1401.0688097722966
2018-06-20,0,
2018-06-21,0,
2018-06-22,0,
2018-06-25,1,1722.6968165322858
2018-06-26,0,
2018-06-27,0,
2018-06-28,0,
2018-06-29,0,
2018-07-02,1,2960.426916420972
2018-07-03,0,
2018-07-04,0,
2018-07-05,0,
2018-07-06,0,
2018-07-09,1,2902.424037879989
2018-07-10,0,
2018-07-11,0,
2018-07-12,0,
2018-07-13,0,
2018-07-16,1,3078.918385653122
2018-07-17,0,
2018-07-18,0,
2018-07-19,0,
2018-07-20,0,
2018-07-23,1,3114.5956460791494
2018-07-24,0,
2018-07-25,0,
2018-07-26,0,
2018-07-27,0,
2018-07-30,1,1607.5423233567042
2018-07-31,0,
2018-08-01,0,
2018-08-02,0,
2018-08-03,0,
2018-08-06,1,437.49343732685844
2018-08-07,0,
2018-08-08,0,
2018-08-09,0,
2018-08-10,0,
2018-08-13,1,-112.7695947124802
2018-08-14,0,
2018-08-15,0,
2018-08-16,0,
2018-08-17,0,
2018-08-20,1,308.4707399072841
2018-08-21,0,
2018-08-22,0,
2018-08-23,0,
2018-08-24,0,
2018-08-27,1,864.4550153016302
2018-08-28,0,
2018-08-29,0,
2018-08-30,0,
2018-08-31,0,
2018-09-03,1,1565.7012631437117
2018-09-04,0,
2018-09-05,0,
2018-09-06,0,
2018-09-07,0,
2018-09-10,1,1469.5400378357213
2018-09-11,0,
2018-09-12,0,
2018-09-13,0,
2018-09-14,0,
2018-09-17,1,-7.807971900912783
2018-09-18,0,
2018-09-19,0,
2018-09-20,0,
2018-09-21,0,
2018-09-25,1,646.7889855559542
2018-09-26,0,
2018-09-27,0,
2018-09-28,0,
2018-10-08,1,1485.981476443376
2018-10-09,0,
2018-10-10,0,
2018-10-11,0,
2018-10-12,0,
2018-10-15,1,53.013737867692484
2018-10-16,0,
2018-10-17,0,
2018-10-18,0,
2018-10-19,0,
2018-10-22,1,-156.52260570359672
2018-10-23,0,
2018-10-24,0,
2018-10-25,0,
2018-10-26,0,
2018-10-29,1,-496.1195241004855
2018-10-30,0,
2018-10-31,0,
2018-11-01,0,
2018-11-02,0,
2018-11-05,1,235.1536488689033
2018-11-06,0,
2018-11-07,0,
2018-11-08,0,
2018-11-09,0,
2018-11-12,1,1011.4930044729024
2018-11-13,0,
2018-11-14,0,
2018-11-15,0,
2018-11-16,0,
2018-11-19,1,395.05853115856485
2018-11-20,0,
2018-11-21,0,
2018-11-22,0,
2018-11-23,0,
2018-11-26,1,652.0309525447148
2018-11-27,0,
2018-11-28,0,
2018-11-29,0,
2018-11-30,0,
2018-12-03,1,478.2788660731695
2018-12-04,0,
2018-12-05,0,
2018-12-06,0,
2018-12-07,0,
2018-12-10,1,472.91068119799763
2018-12-11,0,
2018-12-12,0,
2018-12-13,0,
2018-12-14,0,
2018-12-17,1,474.96331551986253
2018-12-18,0,
2018-12-19,0,
2018-12-20,0,
2018-12-21,0,
2018-12-24,1,198.68184187145977
2018-12-25,0,
2018-12-26,0,
2018-12-27,0,
2018-12-28,0,
2019-01-02,1,847.7883894540528
2019-01-03,0,
2019-01-04,0,
2019-01-07,1,799.6489806955274
2019-01-08,0,
2019-01-09,0,
2019-01-10,0,
2019-01-11,0,
2019-01-14,1,474.7178541598763
2019-01-15,0,
2019-01-16,0,
2019-01-17,0,
2019-01-18,0,
2019-01-21,1,792.0990570942431
2019-01-22,0,
2019-01-23,0,
2019-01-24,0,
2019-01-25,0,
2019-01-28,1,754.5413191753721
2019-01-29,0,
2019-01-30,0,
2019-01-31,0,
2019-02-01,0,
2019-02-11,1,6366.375036615313
2019-02-12,0,
2019-02-13,0,
2019-02-14,0,
2019-02-15,0,
2019-02-18,1,14001.793988174695
2019-02-19,0,
2019-02-20,0,
2019-02-21,0,
2019-02-22,0,
2019-02-25,1,14146.695388226064
2019-02-26,0,
2019-02-27,0,
2019-02-28,0,
2019-03-01,0,
2019-03-04,1,13873.491285952863
2019-03-05,0,
2019-03-06,0,
2019-03-07,0,
2019-03-08,0,
2019-03-11,1,10277.646922471991
2019-03-12,0,
2019-03-13,0,
2019-03-14,0,
2019-03-15,0,
2019-03-18,1,10197.951957505431
2019-03-19,0,
2019-03-20,0,
2019-03-21,0,
2019-03-22,0,
2019-03-25,1,8449.074352227493
2019-03-26,0,
2019-03-27,0,
2019-03-28,0,
2019-03-29,0,
2019-04-01,1,3722.7371933753543
2019-04-02,0,
2019-04-03,0,
2019-04-04,0,
2019-04-08,1,6002.244751902878
2019-04-09,0,
2019-04-10,0,
2019-04-11,0,
2019-04-12,0,
2019-04-15,1,4409.581623716986
2019-04-16,0,
2019-04-17,0,
2019-04-18,0,
2019-04-19,0,
2019-04-22,1,8412.0247776503
2019-04-23,0,
2019-04-24,0,
2019-04-25,0,
2019-04-26,0,
2019-04-29,1,2597.055231802717
2019-04-30,0,
2019-05-06,1,1667.8092915795564
2019-05-07,0,
2019-05-08,0,
2019-05-09,0,
2019-05-10,0,
2019-05-13,1,-577.0514773485821
2019-05-14,0,
2019-05-15,0,
2019-05-16,0,
2019-05-17,0,
2019-05-20,1,1402.1172962643927
2019-05-21,0,
2019-05-22,0,
2019-05-23,0,
2019-05-24,0,
2019-05-27,1,1987.8956455991106
2019-05-28,0,
2019-05-29,0,
2019-05-30,0,
2019-05-31,0,
2019-06-03,1,3043.8961439047434
2019-06-04,0,
2019-06-05,0,
2019-06-06,0,
2019-06-10,1,2449.3242106982593
2019-06-11,0,
2019-06-12,0,
2019-06-13,0,
2019-06-14,0,
2019-06-17,1,1800.1668097911931
2019-06-18,0,
2019-06-19,0,
2019-06-20,0,
2019-06-21,0,
2019-06-24,1,1997.6559495165154
2019-06-25,0,
2019-06-26,0,
2019-06-27,0,
2019-06-28,0,
2019-07-01,1,4724.920639116708
2019-07-02,0,
2019-07-03,0,
2019-07-04,0,
2019-07-05,0,
2019-07-08,1,8591.688074152848
2019-07-09,0,
2019-07-10,0,
2019-07-11,0,
2019-07-12,0,
2019-07-15,1,3175.747802157992
2019-07-16,0,
2019-07-17,0,
2019-07-18,0,
2019-07-19,0,
2019-07-22,1,1747.1208839130445
2019-07-23,0,
2019-07-24,0,
2019-07-25,0,
2019-07-26,0,
2019-07-29,1,1830.6472158408833
2019-07-30,0,
2019-07-31,0,
2019-08-01,0,
2019-08-02,0,
2019-08-05,1,205.42972763099417
2019-08-06,0,
2019-08-07,0,
2019-08-08,0,
2019-08-09,0,
2019-08-12,1,1802.2636609510246
2019-08-13,0,
2019-08-14,0,
2019-08-15,0,
2019-08-16,0,
2019-08-19,1,752.427605821815
2019-08-20,0,
2019-08-21,0,
2019-08-22,0,
2019-08-23,0,
2019-08-26,1,800.6839958698503
2019-08-27,0,
2019-08-28,0,
2019-08-29,0,
2019-08-30,0,
2019-09-02,1,696.6788042272148
2019-09-03,0,
2019-09-04,0,
2019-09-05,0,
2019-09-06,0,
2019-09-09,1,2055.84715315569
2019-09-10,0,
2019-09-11,0,
2019-09-12,0,
2019-09-16,1,9723.331847848654
2019-09-17,0,
2019-09-18,0,
2019-09-19,0,
2019-09-20,0,
2019-09-23,1,10964.3621219374
2019-09-24,0,
2019-09-25,0,
2019-09-26,0,
2019-09-27,0,
2019-09-30,1,1868.9521061972762
2019-10-08,1,-217.81703873287807
2019-10-09,0,
2019-10-10,0,
2019-10-11,0,
2019-10-14,1,700.5819771701906
2019-10-15,0,
2019-10-16,0,
2019-10-17,0,
2019-10-18,0,
2019-10-21,1,348.46722224891266
2019-10-22,0,
2019-10-23,0,
2019-10-24,0,
2019-10-25,0,
2019-10-28,1,1162.98922122892
2019-10-29,0,
2019-10-30,0,
2019-10-31,0,
2019-11-01,0,
2019-11-04,1,1086.7654153494325
2019-11-05,0,
2019-11-06,0,
2019-11-07,0,
2019-11-08,0,
2019-11-11,1,2824.42882326713
2019-11-12,0,
2019-11-13,0,
2019-11-14,0,
2019-11-15,0,
2019-11-18,1,-155.94622123560973
2019-11-19,0,
2019-11-20,0,
2019-11-21,0,
2019-11-22,0,
2019-11-25,1,222.98929102983652
2019-11-26,0,
2019-11-27,0,
2019-11-28,0,
2019-11-29,0,
2019-12-02,1,-603.7976993789614
2019-12-03,0,
2019-12-04,0,
2019-12-05,0,
2019-12-06,0,
2019-12-09,1,530.2750622986533
2019-12-10,0,
2019-12-11,0,
2019-12-12,0,
2019-12-13,0,
2019-12-16,1,1836.4916764642685
2019-12-17,0,
2019-12-18,0,
2019-12-19,0,
2019-12-20,0,
2019-12-23,1,3538.8303548751987
2019-12-24,0,
2019-12-25,0,
2019-12-26,0,
2019-12-27,0,
2019-12-30,1,3458.2172912137844
2019-12-31,0,
2020-01-02,0,
2020-01-03,0,
2020-01-06,1,12352.409800772024
2020-01-07,0,
2020-01-08,0,
2020-01-09,0,
2020-01-10,0,
2020-01-13,1,12289.158764128173
2020-01-14,0,
2020-01-15,0,
2020-01-16,0,
2020-01-17,0,
2020-01-20,1,10026.381520531377
2020-01-21,0,
2020-01-22,0,
2020-01-23,0,
2020-02-03,1,1983.1724986005975
2020-02-04,0,
2020-02-05,0,
2020-02-06,0,
2020-02-07,0,
2020-02-10,1,712.5990612240921
2020-02-11,0,
2020-02-12,0,
2020-02-13,0,
2020-02-14,0,
2020-02-17,1,1177.9918247244827
2020-02-18,0,
2020-02-19,0,
2020-02-20,0,
2020-02-21,0,
2020-02-24,1,1136.2985914883548
2020-02-25,0,
2020-02-26,0,
2020-02-27,0,
2020-02-28,0,
2020-03-02,1,1075.0509940062443
2020-03-03,0,
2020-03-04,0,
2020-03-05,0,
2020-03-06,0,
2020-03-09,1,1389.9384976857496
2020-03-10,0,
2020-03-11,0,
2020-03-12,0,
2020-03-13,0,
2020-03-16,1,1237.6173316776144
2020-03-17,0,
2020-03-18,0,
2020-03-19,0,
2020-03-20,0,
2020-03-23,1,469.04341444873376
2020-03-24,0,
2020-03-25,0,
2020-03-26,0,
2020-03-27,0,
2020-03-30,1,2554.723252276078
2020-03-31,0,
2020-04-01,0,
2020-04-02,0,
2020-04-03,0,
2020-04-07,1,2896.249948960916
2020-04-08,0,
2020-04-09,0,
2020-04-10,0,
2020-04-13,1,2178.5029649865346
2020-04-14,0,
2020-04-15,0,
2020-04-16,0,
2020-04-17,0,
2020-04-20,1,2417.1164942298174
2020-04-21,0,
2020-04-22,0,
2020-04-23,0,
2020-04-24,0,
2020-04-27,1,1406.3094372039254
2020-04-28,0,
2020-04-29,0,
2020-04-30,0,
2020-05-06,1,9453.996015749512
2020-05-07,0,
2020-05-08,0,
2020-05-11,1,11024.507946418315
2020-05-12,0,
2020-05-13,0,
2020-05-14,0,
2020-05-15,0,
2020-05-18,1,9041.29907128509
2020-05-19,0,
2020-05-20,0,
2020-05-21,0,
2020-05-22,0,
2020-05-25,1,1605.2848114327057
2020-05-26,0,
2020-05-27,0,
2020-05-28,0,
2020-05-29,0,
2020-06-01,1,291.8154593202927
2020-06-02,0,
2020-06-03,0,
2020-06-04,0,
2020-06-05,0,
2020-06-08,1,1946.2486004813627
2020-06-09,0,
2020-06-10,0,
2020-06-11,0,
2020-06-12,0,
2020-06-15,1,2448.3070328099748
2020-06-16,0,
2020-06-17,0,
2020-06-18,0,
2020-06-19,0,
2020-06-22,1,2257.023416970121
2020-06-23,0,
2020-06-24,0,
2020-06-29,1,4659.593198441763
2020-06-30,0,
2020-07-01,0,
2020-07-02,0,
2020-07-03,0,
2020-07-06,1,17865.952528174123
2020-07-07,0,
2020-07-08,0,
2020-07-09,0,
2020-07-10,0,
2020-07-13,1,17816.185943901364
2020-07-14,0,
2020-07-15,0,
2020-07-16,0,
2020-07-17,0,
2020-07-20,1,6088.569079682056
2020-07-21,0,
2020-07-22,0,
2020-07-23,0,
2020-07-24,0,
2020-07-27,1,4876.879620554883
2020-07-28,0,
2020-07-29,0,
2020-07-30,0,
2020-07-31,0,
2020-08-03,1,5018.4907638791965
2020-08-04,0,
2020-08-05,0,
2020-08-06,0,
2020-08-07,0,
2020-08-10,1,4945.086426162923
2020-08-11,0,
2020-08-12,0,
2020-08-13,0,
2020-08-14,0,
2020-08-17,1,1068.2696561974105
2020-08-18,0,
2020-08-19,0,
2020-08-20,0,
2020-08-21,0,
2020-08-24,1,1148.1354703058385
2020-08-25,0,
2020-08-26,0,
2020-08-27,0,
2020-08-28,0,
2020-08-31,1,2147.3691233270984
2020-09-01,0,
2020-09-02,0,
2020-09-03,0,
2020-09-04,0,
2020-09-07,1,3677.1217684257936
2020-09-08,0,
2020-09-09,0,
2020-09-10,0,
2020-09-11,0,
2020-09-14,1,828.1566067108215
2020-09-15,0,
2020-09-16,0,
2020-09-17,0,
2020-09-18,0,
2020-09-21,1,994.5493355846309
2020-09-22,0,
2020-09-23,0,
2020-09-24,0,
2020-09-25,0,
2020-09-28,1,1396.1955832567978
2020-09-29,0,
2020-09-30,0,
2020-10-09,1,580.1257219409428
2020-10-12,1,1453.4462128627242
2020-10-13,0,
2020-10-14,0,
2020-10-15,0,
2020-10-16,0,
2020-10-19,1,1118.8198881819353
2020-10-20,0,
2020-10-21,0,
2020-10-22,0,
2020-10-23,0,
2020-10-26,1,1811.1061265597955
2020-10-27,0,
2020-10-28,0,
2020-10-29,0,
2020-10-30,0,
2020-11-02,1,1711.0499572365286
2020-11-03,0,
2020-11-04,0,
2020-11-05,0,
2020-11-06,0,
2020-11-09,1,3638.03202103257
2020-11-10,0,
2020-11-11,0,
2020-11-12,0,
2020-11-13,0,
2020-11-16,1,4991.609428094764
2020-11-17,0,
2020-11-18,0,
2020-11-19,0,
2020-11-20,0,
2020-11-23,1,4170.647678754783
2020-11-24,0,
2020-11-25,0,
2020-11-26,0,
2020-11-27,0,
2020-11-30,1,6162.377497205314
2020-12-01,0,
2020-12-02,0,
2020-12-03,0,
2020-12-04,0,
2020-12-07,1,9316.45837378796
2020-12-08,0,
2020-12-09,0,
2020-12-10,0,
2020-12-11,0,
2020-12-14,1,2653.4170480992607
2020-12-15,0,
2020-12-16,0,
2020-12-17,0,
2020-12-18,0,
2020-12-21,1,1337.654098239243
2020-12-22,0,
2020-12-23,0,
2020-12-24,0,
2020-12-25,0,
2020-12-28,1,1440.0219013518818
2020-12-29,0,
2020-12-30,0,
2020-12-31,0,
2021-01-04,1,5104.311817715765
2021-01-05,0,
2021-01-06,0,
2021-01-07,0,
2021-01-08,0,
2021-01-11,1,13626.44613673199
2021-01-12,0,
2021-01-13,0,
2021-01-14,0,
2021-01-15,0,
2021-01-18,1,12052.43292273921
2021-01-19,0,
2021-01-20,0,
2021-01-21,0,
2021-01-22,0,
2021-01-25,1,15735.259678307966
2021-01-26,0,
2021-01-27,0,
2021-01-28,0,
2021-01-29,0,
2021-02-01,1,5370.57999769674
2021-02-02,0,
2021-02-03,0,
2021-02-04,0,
2021-02-05,0,
2021-02-08,1,5497.238705896306
2021-02-09,0,
2021-02-10,0,
2021-02-18,1,8475.53509988675
2021-02-19,0,
2021-02-22,1,6697.596826438544
2021-02-23,0,
2021-02-24,0,
2021-02-25,0,
2021-02-26,0,
2021-03-01,1,1009.0505342285693
2021-03-02,0,
2021-03-03,0,
2021-03-04,0,
2021-03-05,0,
2021-03-08,1,587.470778513159
2021-03-09,0,
2021-03-10,0,
2021-03-11,0,
2021-03-12,0,
2021-03-15,1,2011.3607083285406
2021-03-16,0,
2021-03-17,0,
2021-03-18,0,
2021-03-19,0,
2021-03-22,1,1170.7293812782675
2021-03-23,0,
2021-03-24,0,
2021-03-25,0,
2021-03-26,0,
2021-03-29,1,3874.5975268542225
2021-03-30,0,
2021-03-31,0,
2021-04-01,0,
2021-04-02,0,
2021-04-06,1,4144.702212992478
2021-04-07,0,
2021-04-08,0,
2021-04-09,0,
2021-04-12,1,3243.0621134068224
2021-04-13,0,
2021-04-14,0,
2021-04-15,0,
2021-04-16,0,
2021-04-19,1,1473.1569094920376
2021-04-20,0,
2021-04-21,0,
2021-04-22,0,
2021-04-23,0,
2021-04-26,1,1027.3783464284775
2021-04-27,0,
2021-04-28,0,
2021-04-29,0,
2021-04-30,0,
2021-05-06,1,1497.8539529341856
2021-05-07,0,
2021-05-10,1,772.5750941126819
2021-05-11,0,
2021-05-12,0,
2021-05-13,0,
2021-05-14,0,
2021-05-17,1,1277.3732800171579
2021-05-18,0,
2021-05-19,0,
2021-05-20,0,
2021-05-21,0,
2021-05-24,1,1621.3084794323738
2021-05-25,0,
2021-05-26,0,
2021-05-27,0,
2021-05-28,0,
2021-05-31,1,6065.736672381952
2021-06-01,0,
2021-06-02,0,
2021-06-03,0,
2021-06-04,0,
2021-06-07,1,4795.414382866065
2021-06-08,0,
2021-06-09,0,
2021-06-10,0,
2021-06-11,0,
2021-06-15,1,3603.729615611159
2021-06-16,0,
2021-06-17,0,
2021-06-18,0,
2021-06-21,1,939.8700176045728
2021-06-22,0,
2021-06-23,0,
2021-06-24,0,
2021-06-25,0,
2021-06-28,1,1189.4086963479253
2021-06-29,0,
2021-06-30,0,
2021-07-01,0,
2021-07-02,0,
2021-07-05,1,1081.2166514688306
2021-07-06,0,
2021-07-07,0,
2021-07-08,0,
2021-07-09,0,
2021-07-12,1,1937.205820926668
2021-07-13,0,
2021-07-14,0,
2021-07-15,0,
2021-07-16,0,
2021-07-19,1,1458.291203970302
2021-07-20,0,
2021-07-21,0,
2021-07-22,0,
2021-07-23,0,
2021-07-26,1,1240.0766688619124
2021-07-27,0,
2021-07-28,0,
2021-07-29,0,
2021-07-30,0,
2021-08-02,1,3091.7889547454015
2021-08-03,0,
2021-08-04,0,
2021-08-05,0,
2021-08-06,0,
2021-08-09,1,2880.5861719139657
2021-08-10,0,
2021-08-11,0,
2021-08-12,0,
2021-08-13,0,
2021-08-16,1,1694.9871394400607
2021-08-17,0,
2021-08-18,0,
2021-08-19,0,
2021-08-20,0,
2021-08-23,1,2054.326718237962
2021-08-24,0,
2021-08-25,0,
2021-08-26,0,
2021-08-27,0,
2021-08-30,1,2213.4345971211733
2021-08-31,0,
2021-09-01,0,
2021-09-02,0,
2021-09-03,0,
2021-09-06,1,1225.5029669183027
2021-09-07,0,
2021-09-08,0,
2021-09-09,0,
2021-09-10,0,
2021-09-13,1,1717.2494688729787
2021-09-14,0,
2021-09-15,0,
2021-09-16,0,
2021-09-17,0,
2021-09-22,1,1596.4873961317517
2021-09-23,0,
2021-09-24,0,
2021-09-27,1,1327.0326712668607
2021-09-28,0,
2021-09-29,0,
2021-09-30,0,
2021-10-08,1,1278.399109557037
2021-10-11,1,1941.9052062466462
2021-10-12,0,
2021-10-13,0,
2021-10-14,0,
2021-10-15,0,
2021-10-18,1,1539.2685720027753
2021-10-19,0,
2021-10-20,0,
2021-10-21,0,
2021-10-22,0,
2021-10-25,1,2130.41792435412
2021-10-26,0,
2021-10-27,0,
2021-10-28,0,
2021-10-29,0,
