,trade_date,Position_Changing,Factor
0,2014-01-02,0,
1,2014-01-03,0,
2,2014-01-06,0,
3,2014-01-07,0,
4,2014-01-08,0,
5,2014-01-09,0,
6,2014-01-10,0,
7,2014-01-13,0,
8,2014-01-14,0,
9,2014-01-15,0,
10,2014-01-16,0,
11,2014-01-17,0,
12,2014-01-20,0,
13,2014-01-21,0,
14,2014-01-22,0,
15,2014-01-23,0,
16,2014-01-24,0,
17,2014-01-27,0,
18,2014-01-28,0,
19,2014-01-29,0,
20,2014-01-30,0,
21,2014-02-07,0,
22,2014-02-10,0,
23,2014-02-11,0,
24,2014-02-12,0,
25,2014-02-13,0,
26,2014-02-14,0,
27,2014-02-17,0,
28,2014-02-18,0,
29,2014-02-19,0,
30,2014-02-20,0,
31,2014-02-21,0,
32,2014-02-24,0,
33,2014-02-25,0,
34,2014-02-26,0,
35,2014-02-27,0,
36,2014-02-28,0,
37,2014-03-03,0,
38,2014-03-04,0,
39,2014-03-05,0,
40,2014-03-06,0,
41,2014-03-07,0,
42,2014-03-10,1,0.0
43,2014-03-11,0,
44,2014-03-12,0,
45,2014-03-13,0,
46,2014-03-14,0,
47,2014-03-17,1,-0.0
48,2014-03-18,0,
49,2014-03-19,0,
50,2014-03-20,0,
51,2014-03-21,0,
52,2014-03-24,1,-0.0
53,2014-03-25,0,
54,2014-03-26,0,
55,2014-03-27,0,
56,2014-03-28,0,
57,2014-03-31,1,0.0
58,2014-04-01,0,
59,2014-04-02,0,
60,2014-04-03,0,
61,2014-04-04,0,
62,2014-04-08,1,97.95818046725601
63,2014-04-09,0,
64,2014-04-10,0,
65,2014-04-11,0,
66,2014-04-14,1,-0.0
67,2014-04-15,0,
68,2014-04-16,0,
69,2014-04-17,0,
70,2014-04-18,0,
71,2014-04-21,1,223.20240128357
72,2014-04-22,0,
73,2014-04-23,0,
74,2014-04-24,0,
75,2014-04-25,0,
76,2014-04-28,1,384.3437789511703
77,2014-04-29,0,
78,2014-04-30,0,
79,2014-05-05,1,-3.917534598465877
80,2014-05-06,0,
81,2014-05-07,0,
82,2014-05-08,0,
83,2014-05-09,0,
84,2014-05-12,1,-15.570040148986298
85,2014-05-13,0,
86,2014-05-14,0,
87,2014-05-15,0,
88,2014-05-16,0,
89,2014-05-19,1,-26.632042824525463
90,2014-05-20,0,
91,2014-05-21,0,
92,2014-05-22,0,
93,2014-05-23,0,
94,2014-05-26,1,1373.2553739931936
95,2014-05-27,0,
96,2014-05-28,0,
97,2014-05-29,0,
98,2014-05-30,0,
99,2014-06-03,1,-1204.5321159213581
100,2014-06-04,0,
101,2014-06-05,0,
102,2014-06-06,0,
103,2014-06-09,1,-657.140847290099
104,2014-06-10,0,
105,2014-06-11,0,
106,2014-06-12,0,
107,2014-06-13,0,
108,2014-06-16,1,25.312405219416902
109,2014-06-17,0,
110,2014-06-18,0,
111,2014-06-19,0,
112,2014-06-20,0,
113,2014-06-23,1,-17.957657879675267
114,2014-06-24,0,
115,2014-06-25,0,
116,2014-06-26,0,
117,2014-06-27,0,
118,2014-06-30,1,4.572637004765305
119,2014-07-01,0,
120,2014-07-02,0,
121,2014-07-03,0,
122,2014-07-04,0,
123,2014-07-07,1,165.4337295756172
124,2014-07-08,0,
125,2014-07-09,0,
126,2014-07-10,0,
127,2014-07-11,0,
128,2014-07-14,1,17.642001442809345
129,2014-07-15,0,
130,2014-07-16,0,
131,2014-07-17,0,
132,2014-07-18,0,
133,2014-07-21,1,-133.15250663737893
134,2014-07-22,0,
135,2014-07-23,0,
136,2014-07-24,0,
137,2014-07-25,0,
138,2014-07-28,1,-394.8317231943183
139,2014-07-29,0,
140,2014-07-30,0,
141,2014-07-31,0,
142,2014-08-01,0,
143,2014-08-04,1,-2343.365318420488
144,2014-08-05,0,
145,2014-08-06,0,
146,2014-08-07,0,
147,2014-08-08,0,
148,2014-08-11,1,-1666.6879341598387
149,2014-08-12,0,
150,2014-08-13,0,
151,2014-08-14,0,
152,2014-08-15,0,
153,2014-08-18,1,-42.34217542099444
154,2014-08-19,0,
155,2014-08-20,0,
156,2014-08-21,0,
157,2014-08-22,0,
158,2014-08-25,1,365.76574777608755
159,2014-08-26,0,
160,2014-08-27,0,
161,2014-08-28,0,
162,2014-08-29,0,
163,2014-09-01,1,120.4653436214092
164,2014-09-02,0,
165,2014-09-03,0,
166,2014-09-04,0,
167,2014-09-05,0,
168,2014-09-09,1,888.6275825060857
169,2014-09-10,0,
170,2014-09-11,0,
171,2014-09-12,0,
172,2014-09-15,1,139.97986207302608
173,2014-09-16,0,
174,2014-09-17,0,
175,2014-09-18,0,
176,2014-09-19,0,
177,2014-09-22,1,11563.684411897097
178,2014-09-23,0,
179,2014-09-24,0,
180,2014-09-25,0,
181,2014-09-26,0,
182,2014-09-29,1,705.5246240112203
183,2014-09-30,0,
184,2014-10-08,1,3492.459758817141
185,2014-10-09,0,
186,2014-10-10,0,
187,2014-10-13,1,13030.898291814721
188,2014-10-14,0,
189,2014-10-15,0,
190,2014-10-16,0,
191,2014-10-17,0,
192,2014-10-20,1,6032.489222763479
193,2014-10-21,0,
194,2014-10-22,0,
195,2014-10-23,0,
196,2014-10-24,0,
197,2014-10-27,1,47.78837066790534
198,2014-10-28,0,
199,2014-10-29,0,
200,2014-10-30,0,
201,2014-10-31,0,
202,2014-11-03,1,669.7633125211886
203,2014-11-04,0,
204,2014-11-05,0,
205,2014-11-06,0,
206,2014-11-07,0,
207,2014-11-10,1,-8490.664113248386
208,2014-11-11,0,
209,2014-11-12,0,
210,2014-11-13,0,
211,2014-11-14,0,
212,2014-11-17,1,183.23217100473812
213,2014-11-18,0,
214,2014-11-19,0,
215,2014-11-20,0,
216,2014-11-21,0,
217,2014-11-24,1,18470.771359534916
218,2014-11-25,0,
219,2014-11-26,0,
220,2014-11-27,0,
221,2014-11-28,0,
222,2014-12-01,1,5661.125817552771
223,2014-12-02,0,
224,2014-12-03,0,
225,2014-12-04,0,
226,2014-12-05,0,
227,2014-12-08,1,85329.31088627476
228,2014-12-09,0,
229,2014-12-10,0,
230,2014-12-11,0,
231,2014-12-12,0,
232,2014-12-15,1,388059.4821916212
233,2014-12-16,0,
234,2014-12-17,0,
235,2014-12-18,0,
236,2014-12-19,0,
237,2014-12-22,1,391062.23656845314
238,2014-12-23,0,
239,2014-12-24,0,
240,2014-12-25,0,
241,2014-12-26,0,
242,2014-12-29,1,177592.54824532452
243,2014-12-30,0,
244,2014-12-31,0,
245,2015-01-05,1,19062.834653861933
246,2015-01-06,0,
247,2015-01-07,0,
248,2015-01-08,0,
249,2015-01-09,0,
250,2015-01-12,1,38482.68720017347
251,2015-01-13,0,
252,2015-01-14,0,
253,2015-01-15,0,
254,2015-01-16,0,
255,2015-01-19,1,188683.15884260638
256,2015-01-20,0,
257,2015-01-21,0,
258,2015-01-22,0,
259,2015-01-23,0,
260,2015-01-26,1,59990.47768205915
261,2015-01-27,0,
262,2015-01-28,0,
263,2015-01-29,0,
264,2015-01-30,0,
265,2015-02-02,1,3593.0463440884887
266,2015-02-03,0,
267,2015-02-04,0,
268,2015-02-05,0,
269,2015-02-06,0,
270,2015-02-09,1,3132.129562649842
271,2015-02-10,0,
272,2015-02-11,0,
273,2015-02-12,0,
274,2015-02-13,0,
275,2015-02-16,1,4030.4679797738045
276,2015-02-17,0,
277,2015-02-25,1,4810.161996190724
278,2015-02-26,0,
279,2015-02-27,0,
280,2015-03-02,1,-263.5950799176314
281,2015-03-03,0,
282,2015-03-04,0,
283,2015-03-05,0,
284,2015-03-06,0,
285,2015-03-09,1,1650.7536474380158
286,2015-03-10,0,
287,2015-03-11,0,
288,2015-03-12,0,
289,2015-03-13,0,
290,2015-03-16,1,161.4874116907033
291,2015-03-17,0,
292,2015-03-18,0,
293,2015-03-19,0,
294,2015-03-20,0,
295,2015-03-23,1,1406189.5323177893
296,2015-03-24,0,
297,2015-03-25,0,
298,2015-03-26,0,
299,2015-03-27,0,
300,2015-03-30,1,1058901.9290663719
301,2015-03-31,0,
302,2015-04-01,0,
303,2015-04-02,0,
304,2015-04-03,0,
305,2015-04-07,1,2055631.774647877
306,2015-04-08,0,
307,2015-04-09,0,
308,2015-04-10,0,
309,2015-04-13,1,2144685.05503204
310,2015-04-14,0,
311,2015-04-15,0,
312,2015-04-16,0,
313,2015-04-17,0,
314,2015-04-20,1,6600287.459649353
315,2015-04-21,0,
316,2015-04-22,0,
317,2015-04-23,0,
318,2015-04-24,0,
319,2015-04-27,1,5204667.733700517
320,2015-04-28,0,
321,2015-04-29,0,
322,2015-04-30,0,
323,2015-05-04,1,4112150.109726659
324,2015-05-05,0,
325,2015-05-06,0,
326,2015-05-07,0,
327,2015-05-08,0,
328,2015-05-11,1,500528.4828641797
329,2015-05-12,0,
330,2015-05-13,0,
331,2015-05-14,0,
332,2015-05-15,0,
333,2015-05-18,1,71784.24874406781
334,2015-05-19,0,
335,2015-05-20,0,
336,2015-05-21,0,
337,2015-05-22,0,
338,2015-05-25,1,51034.99686514669
339,2015-05-26,0,
340,2015-05-27,0,
341,2015-05-28,0,
342,2015-05-29,0,
343,2015-06-01,1,37856.76163162328
344,2015-06-02,0,
345,2015-06-03,0,
346,2015-06-04,0,
347,2015-06-05,0,
348,2015-06-08,1,265735.78265264916
349,2015-06-09,0,
350,2015-06-10,0,
351,2015-06-11,0,
352,2015-06-12,0,
353,2015-06-15,1,2218926.32477477
354,2015-06-16,0,
355,2015-06-17,0,
356,2015-06-18,0,
357,2015-06-19,0,
358,2015-06-23,1,34367.26007415336
359,2015-06-24,0,
360,2015-06-25,0,
361,2015-06-26,0,
362,2015-06-29,1,14795.371212226346
363,2015-06-30,0,
364,2015-07-01,0,
365,2015-07-02,0,
366,2015-07-03,0,
367,2015-07-06,1,8019.33717116023
368,2015-07-07,0,
369,2015-07-08,0,
370,2015-07-09,0,
371,2015-07-10,0,
372,2015-07-13,1,20626.718781830627
373,2015-07-14,0,
374,2015-07-15,0,
375,2015-07-16,0,
376,2015-07-17,0,
377,2015-07-20,1,34787.18631507146
378,2015-07-21,0,
379,2015-07-22,0,
380,2015-07-23,0,
381,2015-07-24,0,
382,2015-07-27,1,-1470.931523636565
383,2015-07-28,0,
384,2015-07-29,0,
385,2015-07-30,0,
386,2015-07-31,0,
387,2015-08-03,1,4613.989454504235
388,2015-08-04,0,
389,2015-08-05,0,
390,2015-08-06,0,
391,2015-08-07,0,
392,2015-08-10,1,23671.29966780186
393,2015-08-11,0,
394,2015-08-12,0,
395,2015-08-13,0,
396,2015-08-14,0,
397,2015-08-17,1,4394.722997542452
398,2015-08-18,0,
399,2015-08-19,0,
400,2015-08-20,0,
401,2015-08-21,0,
402,2015-08-24,1,19215.53168136508
403,2015-08-25,0,
404,2015-08-26,0,
405,2015-08-27,0,
406,2015-08-28,0,
407,2015-08-31,1,25260.417604896866
408,2015-09-01,0,
409,2015-09-02,0,
410,2015-09-07,1,496.871911268278
411,2015-09-08,0,
412,2015-09-09,0,
413,2015-09-10,0,
414,2015-09-11,0,
415,2015-09-14,1,11894.960495575366
416,2015-09-15,0,
417,2015-09-16,0,
418,2015-09-17,0,
419,2015-09-18,0,
420,2015-09-21,1,7224.971494106929
421,2015-09-22,0,
422,2015-09-23,0,
423,2015-09-24,0,
424,2015-09-25,0,
425,2015-09-28,1,7196.9249349737265
426,2015-09-29,0,
427,2015-09-30,0,
428,2015-10-08,1,73612.98301953204
429,2015-10-09,0,
430,2015-10-12,1,8053.94557637261
431,2015-10-13,0,
432,2015-10-14,0,
433,2015-10-15,0,
434,2015-10-16,0,
435,2015-10-19,1,7552.659292804304
436,2015-10-20,0,
437,2015-10-21,0,
438,2015-10-22,0,
439,2015-10-23,0,
440,2015-10-26,1,343247.92607888835
441,2015-10-27,0,
442,2015-10-28,0,
443,2015-10-29,0,
444,2015-10-30,0,
445,2015-11-02,1,313608.9409348578
446,2015-11-03,0,
447,2015-11-04,0,
448,2015-11-05,0,
449,2015-11-06,0,
450,2015-11-09,1,2403503.606047828
451,2015-11-10,0,
452,2015-11-11,0,
453,2015-11-12,0,
454,2015-11-13,0,
455,2015-11-16,1,2245310.2668684013
456,2015-11-17,0,
457,2015-11-18,0,
458,2015-11-19,0,
459,2015-11-20,0,
460,2015-11-23,1,573287.5290534229
461,2015-11-24,0,
462,2015-11-25,0,
463,2015-11-26,0,
464,2015-11-27,0,
465,2015-11-30,1,4732.045608790365
466,2015-12-01,0,
467,2015-12-02,0,
468,2015-12-03,0,
469,2015-12-04,0,
470,2015-12-07,1,22848.99392662352
471,2015-12-08,0,
472,2015-12-09,0,
473,2015-12-10,0,
474,2015-12-11,0,
475,2015-12-14,1,9306.112631611355
476,2015-12-15,0,
477,2015-12-16,0,
478,2015-12-17,0,
479,2015-12-18,0,
480,2015-12-21,1,4388.140745375044
481,2015-12-22,0,
482,2015-12-23,0,
483,2015-12-24,0,
484,2015-12-25,0,
485,2015-12-28,1,1082.1942615334542
486,2015-12-29,0,
487,2015-12-30,0,
488,2015-12-31,0,
489,2016-01-04,1,5911.668936803374
490,2016-01-05,0,
491,2016-01-06,0,
492,2016-01-07,0,
493,2016-01-08,0,
494,2016-01-11,1,-15525.240191708572
495,2016-01-12,0,
496,2016-01-13,0,
497,2016-01-14,0,
498,2016-01-15,0,
499,2016-01-18,1,1782.3265959030846
500,2016-01-19,0,
501,2016-01-20,0,
502,2016-01-21,0,
503,2016-01-22,0,
504,2016-01-25,1,-284.79132949071226
505,2016-01-26,0,
506,2016-01-27,0,
507,2016-01-28,0,
508,2016-01-29,0,
509,2016-02-01,1,-91755.14609277529
510,2016-02-02,0,
511,2016-02-03,0,
512,2016-02-04,0,
513,2016-02-05,0,
514,2016-02-15,1,45879.12604206963
515,2016-02-16,0,
516,2016-02-17,0,
517,2016-02-18,0,
518,2016-02-19,0,
519,2016-02-22,1,4155.0388017559035
520,2016-02-23,0,
521,2016-02-24,0,
522,2016-02-25,0,
523,2016-02-26,0,
524,2016-02-29,1,1902.3333691820542
525,2016-03-01,0,
526,2016-03-02,0,
527,2016-03-03,0,
528,2016-03-04,0,
529,2016-03-07,1,164037.7196429624
530,2016-03-08,0,
531,2016-03-09,0,
532,2016-03-10,0,
533,2016-03-11,0,
534,2016-03-14,1,-1528.6635363198993
535,2016-03-15,0,
536,2016-03-16,0,
537,2016-03-17,0,
538,2016-03-18,0,
539,2016-03-21,1,31208.985941353185
540,2016-03-22,0,
541,2016-03-23,0,
542,2016-03-24,0,
543,2016-03-25,0,
544,2016-03-28,1,4129.215146248543
545,2016-03-29,0,
546,2016-03-30,0,
547,2016-03-31,0,
548,2016-04-01,0,
549,2016-04-05,1,201.93780841519742
550,2016-04-06,0,
551,2016-04-07,0,
552,2016-04-08,0,
553,2016-04-11,1,46074.34244860628
554,2016-04-12,0,
555,2016-04-13,0,
556,2016-04-14,0,
557,2016-04-15,0,
558,2016-04-18,1,-420.84028817787265
559,2016-04-19,0,
560,2016-04-20,0,
561,2016-04-21,0,
562,2016-04-22,0,
563,2016-04-25,1,20104.08667750442
564,2016-04-26,0,
565,2016-04-27,0,
566,2016-04-28,0,
567,2016-04-29,0,
568,2016-05-03,1,7282.88818780416
569,2016-05-04,0,
570,2016-05-05,0,
571,2016-05-06,0,
572,2016-05-09,1,-82.38684365040211
573,2016-05-10,0,
574,2016-05-11,0,
575,2016-05-12,0,
576,2016-05-13,0,
577,2016-05-16,1,-241.85306276877031
578,2016-05-17,0,
579,2016-05-18,0,
580,2016-05-19,0,
581,2016-05-20,0,
582,2016-05-23,1,70432.11707018082
583,2016-05-24,0,
584,2016-05-25,0,
585,2016-05-26,0,
586,2016-05-27,0,
587,2016-05-30,1,29704.83876289667
588,2016-05-31,0,
589,2016-06-01,0,
590,2016-06-02,0,
591,2016-06-03,0,
592,2016-06-06,1,-1052.199551422567
593,2016-06-07,0,
594,2016-06-08,0,
595,2016-06-13,1,1104.0593970322143
596,2016-06-14,0,
597,2016-06-15,0,
598,2016-06-16,0,
599,2016-06-17,0,
600,2016-06-20,1,0.0
601,2016-06-21,0,
602,2016-06-22,0,
603,2016-06-23,0,
604,2016-06-24,0,
605,2016-06-27,1,-16.603749208599552
606,2016-06-28,0,
607,2016-06-29,0,
608,2016-06-30,0,
609,2016-07-01,0,
610,2016-07-04,1,474.3298592318997
611,2016-07-05,0,
612,2016-07-06,0,
613,2016-07-07,0,
614,2016-07-08,0,
615,2016-07-11,1,414.1319626027623
616,2016-07-12,0,
617,2016-07-13,0,
618,2016-07-14,0,
619,2016-07-15,0,
620,2016-07-18,1,113594.24100739526
621,2016-07-19,0,
622,2016-07-20,0,
623,2016-07-21,0,
624,2016-07-22,0,
625,2016-07-25,1,354510.77407014574
626,2016-07-26,0,
627,2016-07-27,0,
628,2016-07-28,0,
629,2016-07-29,0,
630,2016-08-01,1,-10993.022097244664
631,2016-08-02,0,
632,2016-08-03,0,
633,2016-08-04,0,
634,2016-08-05,0,
635,2016-08-08,1,69396.53241480175
636,2016-08-09,0,
637,2016-08-10,0,
638,2016-08-11,0,
639,2016-08-12,0,
640,2016-08-15,1,-11108.739302269145
641,2016-08-16,0,
642,2016-08-17,0,
643,2016-08-18,0,
644,2016-08-19,0,
645,2016-08-22,1,137032.084400594
646,2016-08-23,0,
647,2016-08-24,0,
648,2016-08-25,0,
649,2016-08-26,0,
650,2016-08-29,1,65783.0325451394
651,2016-08-30,0,
652,2016-08-31,0,
653,2016-09-01,0,
654,2016-09-02,0,
655,2016-09-05,1,5475.392923257158
656,2016-09-06,0,
657,2016-09-07,0,
658,2016-09-08,0,
659,2016-09-09,0,
660,2016-09-12,1,-70255.56859493659
661,2016-09-13,0,
662,2016-09-14,0,
663,2016-09-19,1,-6191.187299874785
664,2016-09-20,0,
665,2016-09-21,0,
666,2016-09-22,0,
667,2016-09-23,0,
668,2016-09-26,1,51.235092589459384
669,2016-09-27,0,
670,2016-09-28,0,
671,2016-09-29,0,
672,2016-09-30,0,
673,2016-10-10,1,82480.9812288042
674,2016-10-11,0,
675,2016-10-12,0,
676,2016-10-13,0,
677,2016-10-14,0,
678,2016-10-17,1,1914.5460055067817
679,2016-10-18,0,
680,2016-10-19,0,
681,2016-10-20,0,
682,2016-10-21,0,
683,2016-10-24,1,8995.20075153893
684,2016-10-25,0,
685,2016-10-26,0,
686,2016-10-27,0,
687,2016-10-28,0,
688,2016-10-31,1,45668.44681858197
689,2016-11-01,0,
690,2016-11-02,0,
691,2016-11-03,0,
692,2016-11-04,0,
693,2016-11-07,1,768907.1589083276
694,2016-11-08,0,
695,2016-11-09,0,
696,2016-11-10,0,
697,2016-11-11,0,
698,2016-11-14,1,4228205.08093377
699,2016-11-15,0,
700,2016-11-16,0,
701,2016-11-17,0,
702,2016-11-18,0,
703,2016-11-21,1,1458732.6732846762
704,2016-11-22,0,
705,2016-11-23,0,
706,2016-11-24,0,
707,2016-11-25,0,
708,2016-11-28,1,2731778.7923883023
709,2016-11-29,0,
710,2016-11-30,0,
711,2016-12-01,0,
712,2016-12-02,0,
713,2016-12-05,1,5430776.990386828
714,2016-12-06,0,
715,2016-12-07,0,
716,2016-12-08,0,
717,2016-12-09,0,
718,2016-12-12,1,81383.74678305558
719,2016-12-13,0,
720,2016-12-14,0,
721,2016-12-15,0,
722,2016-12-16,0,
723,2016-12-19,1,28518.096755093222
724,2016-12-20,0,
725,2016-12-21,0,
726,2016-12-22,0,
727,2016-12-23,0,
728,2016-12-26,1,13916.807116423088
729,2016-12-27,0,
730,2016-12-28,0,
731,2016-12-29,0,
732,2016-12-30,0,
733,2017-01-03,1,311679.17637332855
734,2017-01-04,0,
735,2017-01-05,0,
736,2017-01-06,0,
737,2017-01-09,1,253730.37396058626
738,2017-01-10,0,
739,2017-01-11,0,
740,2017-01-12,0,
741,2017-01-13,0,
742,2017-01-16,1,90098.29238515797
743,2017-01-17,0,
744,2017-01-18,0,
745,2017-01-19,0,
746,2017-01-20,0,
747,2017-01-23,1,-9271.151835150136
748,2017-01-24,0,
749,2017-01-25,0,
750,2017-01-26,0,
751,2017-02-03,1,10697.948900894782
752,2017-02-06,1,2441.879302890009
753,2017-02-07,0,
754,2017-02-08,0,
755,2017-02-09,0,
756,2017-02-10,0,
757,2017-02-13,1,77707.4945320499
758,2017-02-14,0,
759,2017-02-15,0,
760,2017-02-16,0,
761,2017-02-17,0,
762,2017-02-20,1,206231.4116004569
763,2017-02-21,0,
764,2017-02-22,0,
765,2017-02-23,0,
766,2017-02-24,0,
767,2017-02-27,1,1083530.2277343152
768,2017-02-28,0,
769,2017-03-01,0,
770,2017-03-02,0,
771,2017-03-03,0,
772,2017-03-06,1,-29435.784243818183
773,2017-03-07,0,
774,2017-03-08,0,
775,2017-03-09,0,
776,2017-03-10,0,
777,2017-03-13,1,18561.356502387578
778,2017-03-14,0,
779,2017-03-15,0,
780,2017-03-16,0,
781,2017-03-17,0,
782,2017-03-20,1,-5883.105644249365
783,2017-03-21,0,
784,2017-03-22,0,
785,2017-03-23,0,
786,2017-03-24,0,
787,2017-03-27,1,1061.035290515801
788,2017-03-28,0,
789,2017-03-29,0,
790,2017-03-30,0,
791,2017-03-31,0,
792,2017-04-05,1,1526.1960032082761
793,2017-04-06,0,
794,2017-04-07,0,
795,2017-04-10,1,204345.6149912752
796,2017-04-11,0,
797,2017-04-12,0,
798,2017-04-13,0,
799,2017-04-14,0,
800,2017-04-17,1,804051.6950376988
801,2017-04-18,0,
802,2017-04-19,0,
803,2017-04-20,0,
804,2017-04-21,0,
805,2017-04-24,1,-65768.50521383391
806,2017-04-25,0,
807,2017-04-26,0,
808,2017-04-27,0,
809,2017-04-28,0,
810,2017-05-02,1,3822.7372487975226
811,2017-05-03,0,
812,2017-05-04,0,
813,2017-05-05,0,
814,2017-05-08,1,147343.92065090293
815,2017-05-09,0,
816,2017-05-10,0,
817,2017-05-11,0,
818,2017-05-12,0,
819,2017-05-15,1,62709.33280255652
820,2017-05-16,0,
821,2017-05-17,0,
822,2017-05-18,0,
823,2017-05-19,0,
824,2017-05-22,1,-32166.77261943538
825,2017-05-23,0,
826,2017-05-24,0,
827,2017-05-25,0,
828,2017-05-26,0,
829,2017-05-31,1,3113.595404666349
830,2017-06-01,0,
831,2017-06-02,0,
832,2017-06-05,1,-23.182700718881247
833,2017-06-06,0,
834,2017-06-07,0,
835,2017-06-08,0,
836,2017-06-09,0,
837,2017-06-12,1,21122.93105016318
838,2017-06-13,0,
839,2017-06-14,0,
840,2017-06-15,0,
841,2017-06-16,0,
842,2017-06-19,1,-97396.28231207292
843,2017-06-20,0,
844,2017-06-21,0,
845,2017-06-22,0,
846,2017-06-23,0,
847,2017-06-26,1,123041.19595570024
848,2017-06-27,0,
849,2017-06-28,0,
850,2017-06-29,0,
851,2017-06-30,0,
852,2017-07-03,1,235617.6716004306
853,2017-07-04,0,
854,2017-07-05,0,
855,2017-07-06,0,
856,2017-07-07,0,
857,2017-07-10,1,109561.04897269576
858,2017-07-11,0,
859,2017-07-12,0,
860,2017-07-13,0,
861,2017-07-14,0,
862,2017-07-17,1,126166.47468334026
863,2017-07-18,0,
864,2017-07-19,0,
865,2017-07-20,0,
866,2017-07-21,0,
867,2017-07-24,1,1066275.5690940663
868,2017-07-25,0,
869,2017-07-26,0,
870,2017-07-27,0,
871,2017-07-28,0,
872,2017-07-31,1,-128666.58193665484
873,2017-08-01,0,
874,2017-08-02,0,
875,2017-08-03,0,
876,2017-08-04,0,
877,2017-08-07,1,451271.856962512
878,2017-08-08,0,
879,2017-08-09,0,
880,2017-08-10,0,
881,2017-08-11,0,
882,2017-08-14,1,22071.10150680956
883,2017-08-15,0,
884,2017-08-16,0,
885,2017-08-17,0,
886,2017-08-18,0,
887,2017-08-21,1,781.9113483002886
888,2017-08-22,0,
889,2017-08-23,0,
890,2017-08-24,0,
891,2017-08-25,0,
892,2017-08-28,1,-1022.2773362173342
893,2017-08-29,0,
894,2017-08-30,0,
895,2017-08-31,0,
896,2017-09-01,0,
897,2017-09-04,1,70188.22140424869
898,2017-09-05,0,
899,2017-09-06,0,
900,2017-09-07,0,
901,2017-09-08,0,
902,2017-09-11,1,100217.18005036148
903,2017-09-12,0,
904,2017-09-13,0,
905,2017-09-14,0,
906,2017-09-15,0,
907,2017-09-18,1,213359.42513957046
908,2017-09-19,0,
909,2017-09-20,0,
910,2017-09-21,0,
911,2017-09-22,0,
912,2017-09-25,1,-507255.9264696315
913,2017-09-26,0,
914,2017-09-27,0,
915,2017-09-28,0,
916,2017-09-29,0,
917,2017-10-09,1,-54082.70306816768
918,2017-10-10,0,
919,2017-10-11,0,
920,2017-10-12,0,
921,2017-10-13,0,
922,2017-10-16,1,39511.604309639326
923,2017-10-17,0,
924,2017-10-18,0,
925,2017-10-19,0,
926,2017-10-20,0,
927,2017-10-23,1,420987.1874973063
928,2017-10-24,0,
929,2017-10-25,0,
930,2017-10-26,0,
931,2017-10-27,0,
932,2017-10-30,1,-52457.0513559497
933,2017-10-31,0,
934,2017-11-01,0,
935,2017-11-02,0,
936,2017-11-03,0,
937,2017-11-06,1,1779986.9284311316
938,2017-11-07,0,
939,2017-11-08,0,
940,2017-11-09,0,
941,2017-11-10,0,
942,2017-11-13,1,2485823.6130075934
943,2017-11-14,0,
944,2017-11-15,0,
945,2017-11-16,0,
946,2017-11-17,0,
947,2017-11-20,1,2622653.8848336944
948,2017-11-21,0,
949,2017-11-22,0,
950,2017-11-23,0,
951,2017-11-24,0,
952,2017-11-27,1,1470638.9235058408
953,2017-11-28,0,
954,2017-11-29,0,
955,2017-11-30,0,
956,2017-12-01,0,
957,2017-12-04,1,30606.98975159627
958,2017-12-05,0,
959,2017-12-06,0,
960,2017-12-07,0,
961,2017-12-08,0,
962,2017-12-11,1,-448.55682385333
963,2017-12-12,0,
964,2017-12-13,0,
965,2017-12-14,0,
966,2017-12-15,0,
967,2017-12-18,1,24819.344436385294
968,2017-12-19,0,
969,2017-12-20,0,
970,2017-12-21,0,
971,2017-12-22,0,
972,2017-12-25,1,20208.855259770706
973,2017-12-26,0,
974,2017-12-27,0,
975,2017-12-28,0,
976,2017-12-29,0,
977,2018-01-02,1,-6489.010967186894
978,2018-01-03,0,
979,2018-01-04,0,
980,2018-01-05,0,
981,2018-01-08,1,8482.386348835975
982,2018-01-09,0,
983,2018-01-10,0,
984,2018-01-11,0,
985,2018-01-12,0,
986,2018-01-15,1,1985237.41998905
987,2018-01-16,0,
988,2018-01-17,0,
989,2018-01-18,0,
990,2018-01-19,0,
991,2018-01-22,1,7835220.39283309
992,2018-01-23,0,
993,2018-01-24,0,
994,2018-01-25,0,
995,2018-01-26,0,
996,2018-01-29,1,10549553.643839704
997,2018-01-30,0,
998,2018-01-31,0,
999,2018-02-01,0,
1000,2018-02-02,0,
1001,2018-02-05,1,1140950.561432322
1002,2018-02-06,0,
1003,2018-02-07,0,
1004,2018-02-08,0,
1005,2018-02-09,0,
1006,2018-02-12,1,-12831.58226335829
1007,2018-02-13,0,
1008,2018-02-14,0,
1009,2018-02-22,1,-59972.105934102554
1010,2018-02-23,0,
1011,2018-02-26,1,5666.123715965842
1012,2018-02-27,0,
1013,2018-02-28,0,
1014,2018-03-01,0,
1015,2018-03-02,0,
1016,2018-03-05,1,1679.6938294574074
1017,2018-03-06,0,
1018,2018-03-07,0,
1019,2018-03-08,0,
1020,2018-03-09,0,
1021,2018-03-12,1,-39737.57491484532
1022,2018-03-13,0,
1023,2018-03-14,0,
1024,2018-03-15,0,
1025,2018-03-16,0,
1026,2018-03-19,1,148338.4537583897
1027,2018-03-20,0,
1028,2018-03-21,0,
1029,2018-03-22,0,
1030,2018-03-23,0,
1031,2018-03-26,1,7744.164112638435
1032,2018-03-27,0,
1033,2018-03-28,0,
1034,2018-03-29,0,
1035,2018-03-30,0,
1036,2018-04-02,1,-35104.85822705664
1037,2018-04-03,0,
1038,2018-04-04,0,
1039,2018-04-09,1,32583.74969982144
1040,2018-04-10,0,
1041,2018-04-11,0,
1042,2018-04-12,0,
1043,2018-04-13,0,
1044,2018-04-16,1,41688.3175384214
1045,2018-04-17,0,
1046,2018-04-18,0,
1047,2018-04-19,0,
1048,2018-04-20,0,
1049,2018-04-23,1,103089.9273225221
1050,2018-04-24,0,
1051,2018-04-25,0,
1052,2018-04-26,0,
1053,2018-04-27,0,
1054,2018-05-02,1,166698.2000055392
1055,2018-05-03,0,
1056,2018-05-04,0,
1057,2018-05-07,1,293691.55440871493
1058,2018-05-08,0,
1059,2018-05-09,0,
1060,2018-05-10,0,
1061,2018-05-11,0,
1062,2018-05-14,1,6178.625377517992
1063,2018-05-15,0,
1064,2018-05-16,0,
1065,2018-05-17,0,
1066,2018-05-18,0,
1067,2018-05-21,1,8583.139922325305
1068,2018-05-22,0,
1069,2018-05-23,0,
1070,2018-05-24,0,
1071,2018-05-25,0,
1072,2018-05-28,1,-3388.0847000759395
1073,2018-05-29,0,
1074,2018-05-30,0,
1075,2018-05-31,0,
1076,2018-06-01,0,
1077,2018-06-04,1,28070.915762186494
1078,2018-06-05,0,
1079,2018-06-06,0,
1080,2018-06-07,0,
1081,2018-06-08,0,
1082,2018-06-11,1,250.98748547309148
1083,2018-06-12,0,
1084,2018-06-13,0,
1085,2018-06-14,0,
1086,2018-06-15,0,
1087,2018-06-19,1,1905.0227892828257
1088,2018-06-20,0,
1089,2018-06-21,0,
1090,2018-06-22,0,
1091,2018-06-25,1,-9757.783663624115
1092,2018-06-26,0,
1093,2018-06-27,0,
1094,2018-06-28,0,
1095,2018-06-29,0,
1096,2018-07-02,1,-27811.01530329709
1097,2018-07-03,0,
1098,2018-07-04,0,
1099,2018-07-05,0,
1100,2018-07-06,0,
1101,2018-07-09,1,-54757.577946925994
1102,2018-07-10,0,
1103,2018-07-11,0,
1104,2018-07-12,0,
1105,2018-07-13,0,
1106,2018-07-16,1,42956.63819653966
1107,2018-07-17,0,
1108,2018-07-18,0,
1109,2018-07-19,0,
1110,2018-07-20,0,
1111,2018-07-23,1,218689.0320218165
1112,2018-07-24,0,
1113,2018-07-25,0,
1114,2018-07-26,0,
1115,2018-07-27,0,
1116,2018-07-30,1,2755.26630433564
1117,2018-07-31,0,
1118,2018-08-01,0,
1119,2018-08-02,0,
1120,2018-08-03,0,
1121,2018-08-06,1,12720.271236442579
1122,2018-08-07,0,
1123,2018-08-08,0,
1124,2018-08-09,0,
1125,2018-08-10,0,
1126,2018-08-13,1,24429.308439271463
1127,2018-08-14,0,
1128,2018-08-15,0,
1129,2018-08-16,0,
1130,2018-08-17,0,
1131,2018-08-20,1,41015.4082287526
1132,2018-08-21,0,
1133,2018-08-22,0,
1134,2018-08-23,0,
1135,2018-08-24,0,
1136,2018-08-27,1,-10033.835705540594
1137,2018-08-28,0,
1138,2018-08-29,0,
1139,2018-08-30,0,
1140,2018-08-31,0,
1141,2018-09-03,1,88498.50377537822
1142,2018-09-04,0,
1143,2018-09-05,0,
1144,2018-09-06,0,
1145,2018-09-07,0,
1146,2018-09-10,1,-58718.084879163915
1147,2018-09-11,0,
1148,2018-09-12,0,
1149,2018-09-13,0,
1150,2018-09-14,0,
1151,2018-09-17,1,39.659050531372195
1152,2018-09-18,0,
1153,2018-09-19,0,
1154,2018-09-20,0,
1155,2018-09-21,0,
1156,2018-09-25,1,1512.502163281088
1157,2018-09-26,0,
1158,2018-09-27,0,
1159,2018-09-28,0,
1160,2018-10-08,1,-3932.496360690193
1161,2018-10-09,0,
1162,2018-10-10,0,
1163,2018-10-11,0,
1164,2018-10-12,0,
1165,2018-10-15,1,-5218.8615781638155
1166,2018-10-16,0,
1167,2018-10-17,0,
1168,2018-10-18,0,
1169,2018-10-19,0,
1170,2018-10-22,1,-6017.129411870404
1171,2018-10-23,0,
1172,2018-10-24,0,
1173,2018-10-25,0,
1174,2018-10-26,0,
1175,2018-10-29,1,-135374.03085181926
1176,2018-10-30,0,
1177,2018-10-31,0,
1178,2018-11-01,0,
1179,2018-11-02,0,
1180,2018-11-05,1,-152929.08550591345
1181,2018-11-06,0,
1182,2018-11-07,0,
1183,2018-11-08,0,
1184,2018-11-09,0,
1185,2018-11-12,1,-1749.4278815836326
1186,2018-11-13,0,
1187,2018-11-14,0,
1188,2018-11-15,0,
1189,2018-11-16,0,
1190,2018-11-19,1,-401.02309540597173
1191,2018-11-20,0,
1192,2018-11-21,0,
1193,2018-11-22,0,
1194,2018-11-23,0,
1195,2018-11-26,1,28516.247044731765
1196,2018-11-27,0,
1197,2018-11-28,0,
1198,2018-11-29,0,
1199,2018-11-30,0,
1200,2018-12-03,1,-390.43513724356643
1201,2018-12-04,0,
1202,2018-12-05,0,
1203,2018-12-06,0,
1204,2018-12-07,0,
1205,2018-12-10,1,-12502.187534169852
1206,2018-12-11,0,
1207,2018-12-12,0,
1208,2018-12-13,0,
1209,2018-12-14,0,
1210,2018-12-17,1,-500.4134878539751
1211,2018-12-18,0,
1212,2018-12-19,0,
1213,2018-12-20,0,
1214,2018-12-21,0,
1215,2018-12-24,1,2865.2903736301746
1216,2018-12-25,0,
1217,2018-12-26,0,
1218,2018-12-27,0,
1219,2018-12-28,0,
1220,2019-01-02,1,-7003.08140807838
1221,2019-01-03,0,
1222,2019-01-04,0,
1223,2019-01-07,1,6739.24028236648
1224,2019-01-08,0,
1225,2019-01-09,0,
1226,2019-01-10,0,
1227,2019-01-11,0,
1228,2019-01-14,1,4791.158203999911
1229,2019-01-15,0,
1230,2019-01-16,0,
1231,2019-01-17,0,
1232,2019-01-18,0,
1233,2019-01-21,1,1138.7102249983934
1234,2019-01-22,0,
1235,2019-01-23,0,
1236,2019-01-24,0,
1237,2019-01-25,0,
1238,2019-01-28,1,-778.0284639839253
1239,2019-01-29,0,
1240,2019-01-30,0,
1241,2019-01-31,0,
1242,2019-02-01,0,
1243,2019-02-11,1,148921.00463921385
1244,2019-02-12,0,
1245,2019-02-13,0,
1246,2019-02-14,0,
1247,2019-02-15,0,
1248,2019-02-18,1,6266766.8543307055
1249,2019-02-19,0,
1250,2019-02-20,0,
1251,2019-02-21,0,
1252,2019-02-22,0,
1253,2019-02-25,1,8907710.811399128
1254,2019-02-26,0,
1255,2019-02-27,0,
1256,2019-02-28,0,
1257,2019-03-01,0,
1258,2019-03-04,1,2732697.320046145
1259,2019-03-05,0,
1260,2019-03-06,0,
1261,2019-03-07,0,
1262,2019-03-08,0,
1263,2019-03-11,1,4773132.486813306
1264,2019-03-12,0,
1265,2019-03-13,0,
1266,2019-03-14,0,
1267,2019-03-15,0,
1268,2019-03-18,1,205294.36240496987
1269,2019-03-19,0,
1270,2019-03-20,0,
1271,2019-03-21,0,
1272,2019-03-22,0,
1273,2019-03-25,1,-357965.07007307326
1274,2019-03-26,0,
1275,2019-03-27,0,
1276,2019-03-28,0,
1277,2019-03-29,0,
1278,2019-04-01,1,-18672.68344713743
1279,2019-04-02,0,
1280,2019-04-03,0,
1281,2019-04-04,0,
1282,2019-04-08,1,-13696.521840482153
1283,2019-04-09,0,
1284,2019-04-10,0,
1285,2019-04-11,0,
1286,2019-04-12,0,
1287,2019-04-15,1,-224649.6031732783
1288,2019-04-16,0,
1289,2019-04-17,0,
1290,2019-04-18,0,
1291,2019-04-19,0,
1292,2019-04-22,1,1541715.5728455984
1293,2019-04-23,0,
1294,2019-04-24,0,
1295,2019-04-25,0,
1296,2019-04-26,0,
1297,2019-04-29,1,-11139.710231918101
1298,2019-04-30,0,
1299,2019-05-06,1,2744.596645875216
1300,2019-05-07,0,
1301,2019-05-08,0,
1302,2019-05-09,0,
1303,2019-05-10,0,
1304,2019-05-13,1,28235.004839344387
1305,2019-05-14,0,
1306,2019-05-15,0,
1307,2019-05-16,0,
1308,2019-05-17,0,
1309,2019-05-20,1,-31889.710972697918
1310,2019-05-21,0,
1311,2019-05-22,0,
1312,2019-05-23,0,
1313,2019-05-24,0,
1314,2019-05-27,1,137274.3637620725
1315,2019-05-28,0,
1316,2019-05-29,0,
1317,2019-05-30,0,
1318,2019-05-31,0,
1319,2019-06-03,1,179933.56268571582
1320,2019-06-04,0,
1321,2019-06-05,0,
1322,2019-06-06,0,
1323,2019-06-10,1,382288.3230498446
1324,2019-06-11,0,
1325,2019-06-12,0,
1326,2019-06-13,0,
1327,2019-06-14,0,
1328,2019-06-17,1,-4994.086291648136
1329,2019-06-18,0,
1330,2019-06-19,0,
1331,2019-06-20,0,
1332,2019-06-21,0,
1333,2019-06-24,1,7460.899556830557
1334,2019-06-25,0,
1335,2019-06-26,0,
1336,2019-06-27,0,
1337,2019-06-28,0,
1338,2019-07-01,1,-89554.44156219382
1339,2019-07-02,0,
1340,2019-07-03,0,
1341,2019-07-04,0,
1342,2019-07-05,0,
1343,2019-07-08,1,103868.63145997413
1344,2019-07-09,0,
1345,2019-07-10,0,
1346,2019-07-11,0,
1347,2019-07-12,0,
1348,2019-07-15,1,12095.050793272889
1349,2019-07-16,0,
1350,2019-07-17,0,
1351,2019-07-18,0,
1352,2019-07-19,0,
1353,2019-07-22,1,1240.761071864815
1354,2019-07-23,0,
1355,2019-07-24,0,
1356,2019-07-25,0,
1357,2019-07-26,0,
1358,2019-07-29,1,2063.5837835977236
1359,2019-07-30,0,
1360,2019-07-31,0,
1361,2019-08-01,0,
1362,2019-08-02,0,
1363,2019-08-05,1,-42837.39889000596
1364,2019-08-06,0,
1365,2019-08-07,0,
1366,2019-08-08,0,
1367,2019-08-09,0,
1368,2019-08-12,1,-655.3383213100639
1369,2019-08-13,0,
1370,2019-08-14,0,
1371,2019-08-15,0,
1372,2019-08-16,0,
1373,2019-08-19,1,5391.103598535277
1374,2019-08-20,0,
1375,2019-08-21,0,
1376,2019-08-22,0,
1377,2019-08-23,0,
1378,2019-08-26,1,-581.5836124983693
1379,2019-08-27,0,
1380,2019-08-28,0,
1381,2019-08-29,0,
1382,2019-08-30,0,
1383,2019-09-02,1,1965.5848451511567
1384,2019-09-03,0,
1385,2019-09-04,0,
1386,2019-09-05,0,
1387,2019-09-06,0,
1388,2019-09-09,1,40683.518383469025
1389,2019-09-10,0,
1390,2019-09-11,0,
1391,2019-09-12,0,
1392,2019-09-16,1,1050748.7562301108
1393,2019-09-17,0,
1394,2019-09-18,0,
1395,2019-09-19,0,
1396,2019-09-20,0,
1397,2019-09-23,1,19491.238528797276
1398,2019-09-24,0,
1399,2019-09-25,0,
1400,2019-09-26,0,
1401,2019-09-27,0,
1402,2019-09-30,1,-23511.03566335678
1403,2019-10-08,1,263552.2569289933
1404,2019-10-09,0,
1405,2019-10-10,0,
1406,2019-10-11,0,
1407,2019-10-14,1,33712.89081385372
1408,2019-10-15,0,
1409,2019-10-16,0,
1410,2019-10-17,0,
1411,2019-10-18,0,
1412,2019-10-21,1,-79768.78259610063
1413,2019-10-22,0,
1414,2019-10-23,0,
1415,2019-10-24,0,
1416,2019-10-25,0,
1417,2019-10-28,1,-51808.81036267691
1418,2019-10-29,0,
1419,2019-10-30,0,
1420,2019-10-31,0,
1421,2019-11-01,0,
1422,2019-11-04,1,-6720.58624133662
1423,2019-11-05,0,
1424,2019-11-06,0,
1425,2019-11-07,0,
1426,2019-11-08,0,
1427,2019-11-11,1,57523.8239787772
1428,2019-11-12,0,
1429,2019-11-13,0,
1430,2019-11-14,0,
1431,2019-11-15,0,
1432,2019-11-18,1,-79637.6185630984
1433,2019-11-19,0,
1434,2019-11-20,0,
1435,2019-11-21,0,
1436,2019-11-22,0,
1437,2019-11-25,1,325.33912027256133
1438,2019-11-26,0,
1439,2019-11-27,0,
1440,2019-11-28,0,
1441,2019-11-29,0,
1442,2019-12-02,1,-3890.873985229934
1443,2019-12-03,0,
1444,2019-12-04,0,
1445,2019-12-05,0,
1446,2019-12-06,0,
1447,2019-12-09,1,16612.48053425807
1448,2019-12-10,0,
1449,2019-12-11,0,
1450,2019-12-12,0,
1451,2019-12-13,0,
1452,2019-12-16,1,5515.449043825271
1453,2019-12-17,0,
1454,2019-12-18,0,
1455,2019-12-19,0,
1456,2019-12-20,0,
1457,2019-12-23,1,736522.4894821502
1458,2019-12-24,0,
1459,2019-12-25,0,
1460,2019-12-26,0,
1461,2019-12-27,0,
1462,2019-12-30,1,177745.57487435263
1463,2019-12-31,0,
1464,2020-01-02,0,
1465,2020-01-03,0,
1466,2020-01-06,1,4930202.638813462
1467,2020-01-07,0,
1468,2020-01-08,0,
1469,2020-01-09,0,
1470,2020-01-10,0,
1471,2020-01-13,1,1091073.2708298394
1472,2020-01-14,0,
1473,2020-01-15,0,
1474,2020-01-16,0,
1475,2020-01-17,0,
1476,2020-01-20,1,-490357.4200038882
1477,2020-01-21,0,
1478,2020-01-22,0,
1479,2020-01-23,0,
1480,2020-02-03,1,327.6192024302801
1481,2020-02-04,0,
1482,2020-02-05,0,
1483,2020-02-06,0,
1484,2020-02-07,0,
1485,2020-02-10,1,-351500.27738313406
1486,2020-02-11,0,
1487,2020-02-12,0,
1488,2020-02-13,0,
1489,2020-02-14,0,
1490,2020-02-17,1,94301.90126808645
1491,2020-02-18,0,
1492,2020-02-19,0,
1493,2020-02-20,0,
1494,2020-02-21,0,
1495,2020-02-24,1,124822.36570191295
1496,2020-02-25,0,
1497,2020-02-26,0,
1498,2020-02-27,0,
1499,2020-02-28,0,
1500,2020-03-02,1,194140.26223049941
1501,2020-03-03,0,
1502,2020-03-04,0,
1503,2020-03-05,0,
1504,2020-03-06,0,
1505,2020-03-09,1,90241.29642704857
1506,2020-03-10,0,
1507,2020-03-11,0,
1508,2020-03-12,0,
1509,2020-03-13,0,
1510,2020-03-16,1,-26329.79625533355
1511,2020-03-17,0,
1512,2020-03-18,0,
1513,2020-03-19,0,
1514,2020-03-20,0,
1515,2020-03-23,1,88859.33815343378
1516,2020-03-24,0,
1517,2020-03-25,0,
1518,2020-03-26,0,
1519,2020-03-27,0,
1520,2020-03-30,1,-9709.438723795294
1521,2020-03-31,0,
1522,2020-04-01,0,
1523,2020-04-02,0,
1524,2020-04-03,0,
1525,2020-04-07,1,70537.72965856585
1526,2020-04-08,0,
1527,2020-04-09,0,
1528,2020-04-10,0,
1529,2020-04-13,1,-35985.40832134237
1530,2020-04-14,0,
1531,2020-04-15,0,
1532,2020-04-16,0,
1533,2020-04-17,0,
1534,2020-04-20,1,-46037.43244118267
1535,2020-04-21,0,
1536,2020-04-22,0,
1537,2020-04-23,0,
1538,2020-04-24,0,
1539,2020-04-27,1,613.6124257681885
1540,2020-04-28,0,
1541,2020-04-29,0,
1542,2020-04-30,0,
1543,2020-05-06,1,-51878.5620095609
1544,2020-05-07,0,
1545,2020-05-08,0,
1546,2020-05-11,1,434157.37930809415
1547,2020-05-12,0,
1548,2020-05-13,0,
1549,2020-05-14,0,
1550,2020-05-15,0,
1551,2020-05-18,1,33549.53648842862
1552,2020-05-19,0,
1553,2020-05-20,0,
1554,2020-05-21,0,
1555,2020-05-22,0,
1556,2020-05-25,1,-3686.0796967098386
1557,2020-05-26,0,
1558,2020-05-27,0,
1559,2020-05-28,0,
1560,2020-05-29,0,
1561,2020-06-01,1,47288.415366502515
1562,2020-06-02,0,
1563,2020-06-03,0,
1564,2020-06-04,0,
1565,2020-06-05,0,
1566,2020-06-08,1,2108.8412206811036
1567,2020-06-09,0,
1568,2020-06-10,0,
1569,2020-06-11,0,
1570,2020-06-12,0,
1571,2020-06-15,1,1537.488210759591
1572,2020-06-16,0,
1573,2020-06-17,0,
1574,2020-06-18,0,
1575,2020-06-19,0,
1576,2020-06-22,1,192922.372157953
1577,2020-06-23,0,
1578,2020-06-24,0,
1579,2020-06-29,1,1412339.2163821473
1580,2020-06-30,0,
1581,2020-07-01,0,
1582,2020-07-02,0,
1583,2020-07-03,0,
1584,2020-07-06,1,7818805.698457393
1585,2020-07-07,0,
1586,2020-07-08,0,
1587,2020-07-09,0,
1588,2020-07-10,0,
1589,2020-07-13,1,10974196.748149356
1590,2020-07-14,0,
1591,2020-07-15,0,
1592,2020-07-16,0,
1593,2020-07-17,0,
1594,2020-07-20,1,1626502.6313517927
1595,2020-07-21,0,
1596,2020-07-22,0,
1597,2020-07-23,0,
1598,2020-07-24,0,
1599,2020-07-27,1,399073.4096578256
1600,2020-07-28,0,
1601,2020-07-29,0,
1602,2020-07-30,0,
1603,2020-07-31,0,
1604,2020-08-03,1,-344160.40566604066
1605,2020-08-04,0,
1606,2020-08-05,0,
1607,2020-08-06,0,
1608,2020-08-07,0,
1609,2020-08-10,1,18919.978843131223
1610,2020-08-11,0,
1611,2020-08-12,0,
1612,2020-08-13,0,
1613,2020-08-14,0,
1614,2020-08-17,1,-13864.040066133895
1615,2020-08-18,0,
1616,2020-08-19,0,
1617,2020-08-20,0,
1618,2020-08-21,0,
1619,2020-08-24,1,-8334.933286399764
1620,2020-08-25,0,
1621,2020-08-26,0,
1622,2020-08-27,0,
1623,2020-08-28,0,
1624,2020-08-31,1,37666.3053921248
1625,2020-09-01,0,
1626,2020-09-02,0,
1627,2020-09-03,0,
1628,2020-09-04,0,
1629,2020-09-07,1,37179.27594782772
1630,2020-09-08,0,
1631,2020-09-09,0,
1632,2020-09-10,0,
1633,2020-09-11,0,
1634,2020-09-14,1,3786.665425343794
1635,2020-09-15,0,
1636,2020-09-16,0,
1637,2020-09-17,0,
1638,2020-09-18,0,
1639,2020-09-21,1,-19157.853076366802
1640,2020-09-22,0,
1641,2020-09-23,0,
1642,2020-09-24,0,
1643,2020-09-25,0,
1644,2020-09-28,1,8901.787232718538
1645,2020-09-29,0,
1646,2020-09-30,0,
1647,2020-10-09,1,28177.672079476735
1648,2020-10-12,1,111172.57251160884
1649,2020-10-13,0,
1650,2020-10-14,0,
1651,2020-10-15,0,
1652,2020-10-16,0,
1653,2020-10-19,1,7312.396403412913
1654,2020-10-20,0,
1655,2020-10-21,0,
1656,2020-10-22,0,
1657,2020-10-23,0,
1658,2020-10-26,1,3445.60857019798
1659,2020-10-27,0,
1660,2020-10-28,0,
1661,2020-10-29,0,
1662,2020-10-30,0,
1663,2020-11-02,1,-1920.7437191106474
1664,2020-11-03,0,
1665,2020-11-04,0,
1666,2020-11-05,0,
1667,2020-11-06,0,
1668,2020-11-09,1,72046.27776362353
1669,2020-11-10,0,
1670,2020-11-11,0,
1671,2020-11-12,0,
1672,2020-11-13,0,
1673,2020-11-16,1,479072.78255451785
1674,2020-11-17,0,
1675,2020-11-18,0,
1676,2020-11-19,0,
1677,2020-11-20,0,
1678,2020-11-23,1,703224.4598008128
1679,2020-11-24,0,
1680,2020-11-25,0,
1681,2020-11-26,0,
1682,2020-11-27,0,
1683,2020-11-30,1,1501836.2409816105
1684,2020-12-01,0,
1685,2020-12-02,0,
1686,2020-12-03,0,
1687,2020-12-04,0,
1688,2020-12-07,1,2459011.796197755
1689,2020-12-08,0,
1690,2020-12-09,0,
1691,2020-12-10,0,
1692,2020-12-11,0,
1693,2020-12-14,1,23360.519746242604
1694,2020-12-15,0,
1695,2020-12-16,0,
1696,2020-12-17,0,
1697,2020-12-18,0,
1698,2020-12-21,1,31374.564839874372
1699,2020-12-22,0,
1700,2020-12-23,0,
1701,2020-12-24,0,
1702,2020-12-25,0,
1703,2020-12-28,1,337.33667425899716
1704,2020-12-29,0,
1705,2020-12-30,0,
1706,2020-12-31,0,
1707,2021-01-04,1,85888.88970051937
1708,2021-01-05,0,
1709,2021-01-06,0,
1710,2021-01-07,0,
1711,2021-01-08,0,
1712,2021-01-11,1,2062730.832102247
1713,2021-01-12,0,
1714,2021-01-13,0,
1715,2021-01-14,0,
1716,2021-01-15,0,
1717,2021-01-18,1,14568426.058959177
1718,2021-01-19,0,
1719,2021-01-20,0,
1720,2021-01-21,0,
1721,2021-01-22,0,
1722,2021-01-25,1,5298993.184104132
1723,2021-01-26,0,
1724,2021-01-27,0,
1725,2021-01-28,0,
1726,2021-01-29,0,
1727,2021-02-01,1,228232.59506925652
1728,2021-02-02,0,
1729,2021-02-03,0,
1730,2021-02-04,0,
1731,2021-02-05,0,
1732,2021-02-08,1,-153719.164341002
1733,2021-02-09,0,
1734,2021-02-10,0,
1735,2021-02-18,1,-34881.33108923214
1736,2021-02-19,0,
1737,2021-02-22,1,-82969.64209927701
1738,2021-02-23,0,
1739,2021-02-24,0,
1740,2021-02-25,0,
1741,2021-02-26,0,
1742,2021-03-01,1,-10483.539658850837
1743,2021-03-02,0,
1744,2021-03-03,0,
1745,2021-03-04,0,
1746,2021-03-05,0,
1747,2021-03-08,1,-84605.22014186712
1748,2021-03-09,0,
1749,2021-03-10,0,
1750,2021-03-11,0,
1751,2021-03-12,0,
1752,2021-03-15,1,10085.038118315288
1753,2021-03-16,0,
1754,2021-03-17,0,
1755,2021-03-18,0,
1756,2021-03-19,0,
1757,2021-03-22,1,-37807.36331399438
1758,2021-03-23,0,
1759,2021-03-24,0,
1760,2021-03-25,0,
1761,2021-03-26,0,
1762,2021-03-29,1,198066.7714927533
1763,2021-03-30,0,
1764,2021-03-31,0,
1765,2021-04-01,0,
1766,2021-04-02,0,
1767,2021-04-06,1,713314.6023898225
1768,2021-04-07,0,
1769,2021-04-08,0,
1770,2021-04-09,0,
1771,2021-04-12,1,34206.33086657715
1772,2021-04-13,0,
1773,2021-04-14,0,
1774,2021-04-15,0,
1775,2021-04-16,0,
1776,2021-04-19,1,25403.05612626782
1777,2021-04-20,0,
1778,2021-04-21,0,
1779,2021-04-22,0,
1780,2021-04-23,0,
1781,2021-04-26,1,-242.88101815408984
1782,2021-04-27,0,
1783,2021-04-28,0,
1784,2021-04-29,0,
1785,2021-04-30,0,
1786,2021-05-06,1,-634.6951961798181
1787,2021-05-07,0,
1788,2021-05-10,1,-2650.265453090145
1789,2021-05-11,0,
1790,2021-05-12,0,
1791,2021-05-13,0,
1792,2021-05-14,0,
1793,2021-05-17,1,5684.004038634974
1794,2021-05-18,0,
1795,2021-05-19,0,
1796,2021-05-20,0,
1797,2021-05-21,0,
1798,2021-05-24,1,-3249.9181502388174
1799,2021-05-25,0,
1800,2021-05-26,0,
1801,2021-05-27,0,
1802,2021-05-28,0,
1803,2021-05-31,1,140599.8821541186
1804,2021-06-01,0,
1805,2021-06-02,0,
1806,2021-06-03,0,
1807,2021-06-04,0,
1808,2021-06-07,1,12760.740025136121
1809,2021-06-08,0,
1810,2021-06-09,0,
1811,2021-06-10,0,
1812,2021-06-11,0,
1813,2021-06-15,1,263.47206117463196
1814,2021-06-16,0,
1815,2021-06-17,0,
1816,2021-06-18,0,
1817,2021-06-21,1,3598.2668336223383
1818,2021-06-22,0,
1819,2021-06-23,0,
1820,2021-06-24,0,
1821,2021-06-25,0,
1822,2021-06-28,1,-148.99172554242665
1823,2021-06-29,0,
1824,2021-06-30,0,
1825,2021-07-01,0,
1826,2021-07-02,0,
1827,2021-07-05,1,243.58806136681588
1828,2021-07-06,0,
1829,2021-07-07,0,
1830,2021-07-08,0,
1831,2021-07-09,0,
1832,2021-07-12,1,84069.3538638064
1833,2021-07-13,0,
1834,2021-07-14,0,
1835,2021-07-15,0,
1836,2021-07-16,0,
1837,2021-07-19,1,172249.1390319612
1838,2021-07-20,0,
1839,2021-07-21,0,
1840,2021-07-22,0,
1841,2021-07-23,0,
1842,2021-07-26,1,-11405.756302641681
1843,2021-07-27,0,
1844,2021-07-28,0,
1845,2021-07-29,0,
1846,2021-07-30,0,
1847,2021-08-02,1,1099262.7377608526
1848,2021-08-03,0,
1849,2021-08-04,0,
1850,2021-08-05,0,
1851,2021-08-06,0,
1852,2021-08-09,1,-147806.21803703034
1853,2021-08-10,0,
1854,2021-08-11,0,
1855,2021-08-12,0,
1856,2021-08-13,0,
1857,2021-08-16,1,-75584.74845065418
1858,2021-08-17,0,
1859,2021-08-18,0,
1860,2021-08-19,0,
1861,2021-08-20,0,
1862,2021-08-23,1,11775.469652666721
1863,2021-08-24,0,
1864,2021-08-25,0,
1865,2021-08-26,0,
1866,2021-08-27,0,
1867,2021-08-30,1,-106201.2895589498
1868,2021-08-31,0,
1869,2021-09-01,0,
1870,2021-09-02,0,
1871,2021-09-03,0,
1872,2021-09-06,1,-62350.79884805565
1873,2021-09-07,0,
1874,2021-09-08,0,
1875,2021-09-09,0,
1876,2021-09-10,0,
1877,2021-09-13,1,165953.06736832947
1878,2021-09-14,0,
1879,2021-09-15,0,
1880,2021-09-16,0,
1881,2021-09-17,0,
1882,2021-09-22,1,60628.67484120407
1883,2021-09-23,0,
1884,2021-09-24,0,
1885,2021-09-27,1,14132.730588676575
1886,2021-09-28,0,
1887,2021-09-29,0,
1888,2021-09-30,0,
1889,2021-10-08,1,-3766.10065280828
1890,2021-10-11,1,1900.0149292011686
1891,2021-10-12,0,
1892,2021-10-13,0,
1893,2021-10-14,0,
1894,2021-10-15,0,
1895,2021-10-18,1,-3696.9923761744885
1896,2021-10-19,0,
1897,2021-10-20,0,
1898,2021-10-21,0,
1899,2021-10-22,0,
1900,2021-10-25,1,-26437.66498548862
1901,2021-10-26,0,
1902,2021-10-27,0,
1903,2021-10-28,0,
1904,2021-10-29,0,
